-- phpMyAdmin SQL Dump
-- version 5.1.1
-- https://www.phpmyadmin.net/
--
-- Host: 127.0.0.1:3306
-- Generation Time: Dec 12, 2022 at 05:39 PM
-- Server version: 8.0.27
-- PHP Version: 8.0.13

SET SQL_MODE = "NO_AUTO_VALUE_ON_ZERO";
START TRANSACTION;
SET time_zone = "+00:00";


/*!40101 SET @OLD_CHARACTER_SET_CLIENT=@@CHARACTER_SET_CLIENT */;
/*!40101 SET @OLD_CHARACTER_SET_RESULTS=@@CHARACTER_SET_RESULTS */;
/*!40101 SET @OLD_COLLATION_CONNECTION=@@COLLATION_CONNECTION */;
/*!40101 SET NAMES utf8mb4 */;

--
-- Database: `freedb_car_auction`
--

-- --------------------------------------------------------

--
-- Table structure for table `contents`
--

DROP TABLE IF EXISTS `contents`;
CREATE TABLE IF NOT EXISTS `contents` (
  `id` bigint UNSIGNED NOT NULL AUTO_INCREMENT,
  `key` varchar(125) COLLATE utf8mb4_unicode_ci NOT NULL,
  `page_id` int NOT NULL,
  `contents` text COLLATE utf8mb4_unicode_ci NOT NULL,
  `data` json DEFAULT NULL,
  `created_at` timestamp NULL DEFAULT NULL,
  `updated_at` timestamp NULL DEFAULT NULL,
  PRIMARY KEY (`id`)
) ENGINE=MyISAM AUTO_INCREMENT=27 DEFAULT CHARSET=utf8mb4 COLLATE=utf8mb4_unicode_ci;

--
-- Dumping data for table `contents`
--

INSERT INTO `contents` (`id`, `key`, `page_id`, `contents`, `data`, `created_at`, `updated_at`) VALUES
(1, 'header_one_01', 1, '', '\"Fully \"', '2022-12-11 12:35:39', '2022-12-11 12:35:39'),
(2, 'header_one_02', 1, '', '\"Transparent \"', '2022-12-11 12:35:39', '2022-12-11 12:35:39'),
(3, 'header_one_03', 1, '', '\"Fully in \"', '2022-12-11 12:35:39', '2022-12-11 12:35:39'),
(4, 'header_one_04', 1, '', '\"Control \"', '2022-12-11 12:35:39', '2022-12-11 12:35:39'),
(5, 'para_one_01', 1, '', '\"say hello to an online shopping experience that pute you right in the drivers seat.\"', '2022-12-11 12:35:39', '2022-12-11 12:35:39'),
(6, 'contact_us', 1, '', '\"Contact Us\"', '2022-12-11 12:35:39', '2022-12-11 12:35:39'),
(7, 'office', 1, '', '\"Office\"', '2022-12-11 12:35:39', '2022-12-11 12:35:39'),
(8, 'office_value', 1, '', '\"123 Anywhere St., Any City, ST 12345\"', '2022-12-11 12:35:39', '2022-12-11 12:35:39'),
(9, 'phone_no', 1, '', '\"Phone Number\"', '2022-12-11 12:35:39', '2022-12-11 12:35:39'),
(10, 'phone_no_value', 1, '', '\"+123-456-789 0\"', '2022-12-11 12:35:39', '2022-12-11 12:35:39'),
(11, 'email', 1, '', '\"Email\"', '2022-12-11 12:35:39', '2022-12-11 12:35:39'),
(12, 'email_value', 1, '', '\"hello@reallygreatsite.com\"', '2022-12-11 12:35:39', '2022-12-11 12:35:39'),
(13, 'header_two_01', 1, '', '\"Why do \"', '2022-12-11 12:35:39', '2022-12-11 12:35:39'),
(14, 'header_two_country', 1, '', '\"Sri Lankan \"', '2022-12-11 12:35:39', '2022-12-11 12:35:39'),
(15, 'header_two_02', 1, '', '\"customers choose JAMAX to buy a car in Japan?\"', '2022-12-11 12:35:39', '2022-12-11 12:35:39'),
(16, 'para_two_01', 1, '', '\"We will give you a member registration form that you can use to register with us. Jamex Auto Auctions will give you due assistance regarding the procedure with which you can place your bids and control them for the deposit, auction, and payments.\"', '2022-12-11 12:35:39', '2022-12-11 12:35:39'),
(17, 'point_01_header', 1, '', '\"Fully tested car\"', '2022-12-11 12:35:39', '2022-12-11 12:35:39'),
(18, 'point_01_value', 1, '', '\"The motors we export are fully inspected. We guarantee you that you will get a satisfying car at the lowest price. The condition of the car is the same as the public sale list, as there are fair inspectors who guarantee complete satisfaction to customers around the world.\"', '2022-12-11 12:35:39', '2022-12-11 12:35:39'),
(19, 'point_02_header', 1, '', '\"Lowest price\"', '2022-12-11 12:35:39', '2022-12-11 12:35:39'),
(20, 'point_02_value', 1, '', '\"Jamex Motors achieves the lowest price for a car by avoiding the hidden costs that directly increase the overall value of the used car.\"', '2022-12-11 12:35:39', '2022-12-11 12:35:39'),
(21, 'point_03_header', 1, '', '\"Prompt delivery\"', '2022-12-11 12:35:39', '2022-12-11 12:35:39'),
(22, 'point_03_value', 1, '', '\"Transportation has become faster and easier thanks to our public sale houses near the harbor. We have a strong connection with the Sri Lankan shipping company.\"', '2022-12-11 12:35:39', '2022-12-11 12:35:39'),
(23, 'point_04_header', 1, '', '\"Well paid network\"', '2022-12-11 12:35:39', '2022-12-11 12:35:39'),
(24, 'point_04_value', 1, '', '\"Our well-distributed community of more than 140 public housing in Japan provides 145,000 vehicles to our customers each week.\"', '2022-12-11 12:35:39', '2022-12-11 12:35:39'),
(25, 'point_05_header', 1, '', '\"Full buyer support\"', '2022-12-11 12:35:39', '2022-12-11 12:35:39'),
(26, 'point_05_value', 1, '', '\"We have 24/7 buyer support exclusively for clients who want to get informationon the safe transportation of vehicles in Sri Lanka. With the support of Sri Lankas Logistics Agency, additional secure customs clearance is permitted.\"', '2022-12-11 12:35:39', '2022-12-11 12:35:39');

-- --------------------------------------------------------

--
-- Table structure for table `countries`
--

DROP TABLE IF EXISTS `countries`;
CREATE TABLE IF NOT EXISTS `countries` (
  `id` bigint UNSIGNED NOT NULL AUTO_INCREMENT,
  `name` varchar(125) COLLATE utf8mb4_unicode_ci NOT NULL,
  `created_at` timestamp NULL DEFAULT NULL,
  `updated_at` timestamp NULL DEFAULT NULL,
  PRIMARY KEY (`id`),
  UNIQUE KEY `countries_name_unique` (`name`)
) ENGINE=MyISAM AUTO_INCREMENT=45 DEFAULT CHARSET=utf8mb4 COLLATE=utf8mb4_unicode_ci;

--
-- Dumping data for table `countries`
--

INSERT INTO `countries` (`id`, `name`, `created_at`, `updated_at`) VALUES
(1, 'Burundi', '2022-12-11 12:35:39', '2022-12-11 12:35:39'),
(2, 'Kenya', '2022-12-11 12:35:39', '2022-12-11 12:35:39'),
(3, 'Tanzania', '2022-12-11 12:35:39', '2022-12-11 12:35:39'),
(4, 'SouthAfrica', '2022-12-11 12:35:40', '2022-12-11 12:35:40'),
(5, 'DRCongo', '2022-12-11 12:35:40', '2022-12-11 12:35:40'),
(6, 'Uganda', '2022-12-11 12:35:40', '2022-12-11 12:35:40'),
(7, 'Zambia', '2022-12-11 12:35:40', '2022-12-11 12:35:40'),
(8, 'Botswana', '2022-12-11 12:35:40', '2022-12-11 12:35:40'),
(9, 'Malawi', '2022-12-11 12:35:40', '2022-12-11 12:35:40'),
(10, 'Mozambique', '2022-12-11 12:35:40', '2022-12-11 12:35:40'),
(11, 'Pakistan', '2022-12-11 12:35:40', '2022-12-11 12:35:40'),
(12, 'SriLanka', '2022-12-11 12:35:40', '2022-12-11 12:35:40'),
(13, 'Bangladesh', '2022-12-11 12:35:40', '2022-12-11 12:35:40'),
(14, 'Myanmar', '2022-12-11 12:35:40', '2022-12-11 12:35:40'),
(15, 'UAE', '2022-12-11 12:35:40', '2022-12-11 12:35:40'),
(16, 'Singapore', '2022-12-11 12:35:40', '2022-12-11 12:35:40'),
(17, 'Thailand', '2022-12-11 12:35:40', '2022-12-11 12:35:40'),
(18, 'Malaysia', '2022-12-11 12:35:40', '2022-12-11 12:35:40'),
(19, 'Philippines', '2022-12-11 12:35:40', '2022-12-11 12:35:40'),
(20, 'HongKong', '2022-12-11 12:35:40', '2022-12-11 12:35:40'),
(21, 'Cyprus', '2022-12-11 12:35:40', '2022-12-11 12:35:40'),
(22, 'UnitedKingdom', '2022-12-11 12:35:40', '2022-12-11 12:35:40'),
(23, 'Malta', '2022-12-11 12:35:40', '2022-12-11 12:35:40'),
(24, 'Turkey', '2022-12-11 12:35:40', '2022-12-11 12:35:40'),
(25, 'Ireland', '2022-12-11 12:35:40', '2022-12-11 12:35:40'),
(26, 'Georgia', '2022-12-11 12:35:40', '2022-12-11 12:35:40'),
(27, 'Russian', '2022-12-11 12:35:40', '2022-12-11 12:35:40'),
(28, 'Armenia', '2022-12-11 12:35:41', '2022-12-11 12:35:41'),
(29, 'Jamaica', '2022-12-11 12:35:41', '2022-12-11 12:35:41'),
(30, 'Grenada', '2022-12-11 12:35:41', '2022-12-11 12:35:41'),
(31, 'Bahamas', '2022-12-11 12:35:41', '2022-12-11 12:35:41'),
(32, 'Guyana', '2022-12-11 12:35:41', '2022-12-11 12:35:41'),
(33, 'SaintLucia', '2022-12-11 12:35:41', '2022-12-11 12:35:41'),
(34, 'Barbados', '2022-12-11 12:35:41', '2022-12-11 12:35:41'),
(35, 'Haiti', '2022-12-11 12:35:41', '2022-12-11 12:35:41'),
(36, 'NewZealand', '2022-12-11 12:35:41', '2022-12-11 12:35:41'),
(37, 'Fiji', '2022-12-11 12:35:41', '2022-12-11 12:35:41'),
(38, 'Tonga', '2022-12-11 12:35:41', '2022-12-11 12:35:41'),
(39, 'Samoa', '2022-12-11 12:35:41', '2022-12-11 12:35:41'),
(40, 'SolomonIslands', '2022-12-11 12:35:41', '2022-12-11 12:35:41'),
(41, 'Guam', '2022-12-11 12:35:41', '2022-12-11 12:35:41'),
(42, 'Palau', '2022-12-11 12:35:42', '2022-12-11 12:35:42'),
(43, 'Micronesia', '2022-12-11 12:35:42', '2022-12-11 12:35:42'),
(44, 'Australia', '2022-12-11 12:35:42', '2022-12-11 12:35:42');

-- --------------------------------------------------------

--
-- Table structure for table `country_contents`
--

DROP TABLE IF EXISTS `country_contents`;
CREATE TABLE IF NOT EXISTS `country_contents` (
  `id` bigint UNSIGNED NOT NULL AUTO_INCREMENT,
  `country_id` int NOT NULL,
  `content_id` int NOT NULL,
  `created_at` timestamp NULL DEFAULT NULL,
  `updated_at` timestamp NULL DEFAULT NULL,
  PRIMARY KEY (`id`)
) ENGINE=MyISAM AUTO_INCREMENT=1145 DEFAULT CHARSET=utf8mb4 COLLATE=utf8mb4_unicode_ci;

--
-- Dumping data for table `country_contents`
--

INSERT INTO `country_contents` (`id`, `country_id`, `content_id`, `created_at`, `updated_at`) VALUES
(1, 1, 1, '2022-12-11 12:35:39', '2022-12-11 12:35:39'),
(2, 1, 2, '2022-12-11 12:35:39', '2022-12-11 12:35:39'),
(3, 1, 3, '2022-12-11 12:35:39', '2022-12-11 12:35:39'),
(4, 1, 4, '2022-12-11 12:35:39', '2022-12-11 12:35:39'),
(5, 1, 5, '2022-12-11 12:35:39', '2022-12-11 12:35:39'),
(6, 1, 6, '2022-12-11 12:35:39', '2022-12-11 12:35:39'),
(7, 1, 7, '2022-12-11 12:35:39', '2022-12-11 12:35:39'),
(8, 1, 8, '2022-12-11 12:35:39', '2022-12-11 12:35:39'),
(9, 1, 9, '2022-12-11 12:35:39', '2022-12-11 12:35:39'),
(10, 1, 10, '2022-12-11 12:35:39', '2022-12-11 12:35:39'),
(11, 1, 11, '2022-12-11 12:35:39', '2022-12-11 12:35:39'),
(12, 1, 12, '2022-12-11 12:35:39', '2022-12-11 12:35:39'),
(13, 1, 13, '2022-12-11 12:35:39', '2022-12-11 12:35:39'),
(14, 1, 14, '2022-12-11 12:35:39', '2022-12-11 12:35:39'),
(15, 1, 15, '2022-12-11 12:35:39', '2022-12-11 12:35:39'),
(16, 1, 16, '2022-12-11 12:35:39', '2022-12-11 12:35:39'),
(17, 1, 17, '2022-12-11 12:35:39', '2022-12-11 12:35:39'),
(18, 1, 18, '2022-12-11 12:35:39', '2022-12-11 12:35:39'),
(19, 1, 19, '2022-12-11 12:35:39', '2022-12-11 12:35:39'),
(20, 1, 20, '2022-12-11 12:35:39', '2022-12-11 12:35:39'),
(21, 1, 21, '2022-12-11 12:35:39', '2022-12-11 12:35:39'),
(22, 1, 22, '2022-12-11 12:35:39', '2022-12-11 12:35:39'),
(23, 1, 23, '2022-12-11 12:35:39', '2022-12-11 12:35:39'),
(24, 1, 24, '2022-12-11 12:35:39', '2022-12-11 12:35:39'),
(25, 1, 25, '2022-12-11 12:35:39', '2022-12-11 12:35:39'),
(26, 1, 26, '2022-12-11 12:35:39', '2022-12-11 12:35:39'),
(27, 2, 1, '2022-12-11 12:35:39', '2022-12-11 12:35:39'),
(28, 2, 2, '2022-12-11 12:35:39', '2022-12-11 12:35:39'),
(29, 2, 3, '2022-12-11 12:35:39', '2022-12-11 12:35:39'),
(30, 2, 4, '2022-12-11 12:35:39', '2022-12-11 12:35:39'),
(31, 2, 5, '2022-12-11 12:35:39', '2022-12-11 12:35:39'),
(32, 2, 6, '2022-12-11 12:35:39', '2022-12-11 12:35:39'),
(33, 2, 7, '2022-12-11 12:35:39', '2022-12-11 12:35:39'),
(34, 2, 8, '2022-12-11 12:35:39', '2022-12-11 12:35:39'),
(35, 2, 9, '2022-12-11 12:35:39', '2022-12-11 12:35:39'),
(36, 2, 10, '2022-12-11 12:35:39', '2022-12-11 12:35:39'),
(37, 2, 11, '2022-12-11 12:35:39', '2022-12-11 12:35:39'),
(38, 2, 12, '2022-12-11 12:35:39', '2022-12-11 12:35:39'),
(39, 2, 13, '2022-12-11 12:35:39', '2022-12-11 12:35:39'),
(40, 2, 14, '2022-12-11 12:35:39', '2022-12-11 12:35:39'),
(41, 2, 15, '2022-12-11 12:35:39', '2022-12-11 12:35:39'),
(42, 2, 16, '2022-12-11 12:35:39', '2022-12-11 12:35:39'),
(43, 2, 17, '2022-12-11 12:35:39', '2022-12-11 12:35:39'),
(44, 2, 18, '2022-12-11 12:35:39', '2022-12-11 12:35:39'),
(45, 2, 19, '2022-12-11 12:35:39', '2022-12-11 12:35:39'),
(46, 2, 20, '2022-12-11 12:35:39', '2022-12-11 12:35:39'),
(47, 2, 21, '2022-12-11 12:35:39', '2022-12-11 12:35:39'),
(48, 2, 22, '2022-12-11 12:35:39', '2022-12-11 12:35:39'),
(49, 2, 23, '2022-12-11 12:35:39', '2022-12-11 12:35:39'),
(50, 2, 24, '2022-12-11 12:35:39', '2022-12-11 12:35:39'),
(51, 2, 25, '2022-12-11 12:35:39', '2022-12-11 12:35:39'),
(52, 2, 26, '2022-12-11 12:35:39', '2022-12-11 12:35:39'),
(53, 3, 1, '2022-12-11 12:35:39', '2022-12-11 12:35:39'),
(54, 3, 2, '2022-12-11 12:35:39', '2022-12-11 12:35:39'),
(55, 3, 3, '2022-12-11 12:35:39', '2022-12-11 12:35:39'),
(56, 3, 4, '2022-12-11 12:35:39', '2022-12-11 12:35:39'),
(57, 3, 5, '2022-12-11 12:35:39', '2022-12-11 12:35:39'),
(58, 3, 6, '2022-12-11 12:35:39', '2022-12-11 12:35:39'),
(59, 3, 7, '2022-12-11 12:35:39', '2022-12-11 12:35:39'),
(60, 3, 8, '2022-12-11 12:35:39', '2022-12-11 12:35:39'),
(61, 3, 9, '2022-12-11 12:35:39', '2022-12-11 12:35:39'),
(62, 3, 10, '2022-12-11 12:35:39', '2022-12-11 12:35:39'),
(63, 3, 11, '2022-12-11 12:35:40', '2022-12-11 12:35:40'),
(64, 3, 12, '2022-12-11 12:35:40', '2022-12-11 12:35:40'),
(65, 3, 13, '2022-12-11 12:35:40', '2022-12-11 12:35:40'),
(66, 3, 14, '2022-12-11 12:35:40', '2022-12-11 12:35:40'),
(67, 3, 15, '2022-12-11 12:35:40', '2022-12-11 12:35:40'),
(68, 3, 16, '2022-12-11 12:35:40', '2022-12-11 12:35:40'),
(69, 3, 17, '2022-12-11 12:35:40', '2022-12-11 12:35:40'),
(70, 3, 18, '2022-12-11 12:35:40', '2022-12-11 12:35:40'),
(71, 3, 19, '2022-12-11 12:35:40', '2022-12-11 12:35:40'),
(72, 3, 20, '2022-12-11 12:35:40', '2022-12-11 12:35:40'),
(73, 3, 21, '2022-12-11 12:35:40', '2022-12-11 12:35:40'),
(74, 3, 22, '2022-12-11 12:35:40', '2022-12-11 12:35:40'),
(75, 3, 23, '2022-12-11 12:35:40', '2022-12-11 12:35:40'),
(76, 3, 24, '2022-12-11 12:35:40', '2022-12-11 12:35:40'),
(77, 3, 25, '2022-12-11 12:35:40', '2022-12-11 12:35:40'),
(78, 3, 26, '2022-12-11 12:35:40', '2022-12-11 12:35:40'),
(79, 4, 1, '2022-12-11 12:35:40', '2022-12-11 12:35:40'),
(80, 4, 2, '2022-12-11 12:35:40', '2022-12-11 12:35:40'),
(81, 4, 3, '2022-12-11 12:35:40', '2022-12-11 12:35:40'),
(82, 4, 4, '2022-12-11 12:35:40', '2022-12-11 12:35:40'),
(83, 4, 5, '2022-12-11 12:35:40', '2022-12-11 12:35:40'),
(84, 4, 6, '2022-12-11 12:35:40', '2022-12-11 12:35:40'),
(85, 4, 7, '2022-12-11 12:35:40', '2022-12-11 12:35:40'),
(86, 4, 8, '2022-12-11 12:35:40', '2022-12-11 12:35:40'),
(87, 4, 9, '2022-12-11 12:35:40', '2022-12-11 12:35:40'),
(88, 4, 10, '2022-12-11 12:35:40', '2022-12-11 12:35:40'),
(89, 4, 11, '2022-12-11 12:35:40', '2022-12-11 12:35:40'),
(90, 4, 12, '2022-12-11 12:35:40', '2022-12-11 12:35:40'),
(91, 4, 13, '2022-12-11 12:35:40', '2022-12-11 12:35:40'),
(92, 4, 14, '2022-12-11 12:35:40', '2022-12-11 12:35:40'),
(93, 4, 15, '2022-12-11 12:35:40', '2022-12-11 12:35:40'),
(94, 4, 16, '2022-12-11 12:35:40', '2022-12-11 12:35:40'),
(95, 4, 17, '2022-12-11 12:35:40', '2022-12-11 12:35:40'),
(96, 4, 18, '2022-12-11 12:35:40', '2022-12-11 12:35:40'),
(97, 4, 19, '2022-12-11 12:35:40', '2022-12-11 12:35:40'),
(98, 4, 20, '2022-12-11 12:35:40', '2022-12-11 12:35:40'),
(99, 4, 21, '2022-12-11 12:35:40', '2022-12-11 12:35:40'),
(100, 4, 22, '2022-12-11 12:35:40', '2022-12-11 12:35:40'),
(101, 4, 23, '2022-12-11 12:35:40', '2022-12-11 12:35:40'),
(102, 4, 24, '2022-12-11 12:35:40', '2022-12-11 12:35:40'),
(103, 4, 25, '2022-12-11 12:35:40', '2022-12-11 12:35:40'),
(104, 4, 26, '2022-12-11 12:35:40', '2022-12-11 12:35:40'),
(105, 5, 1, '2022-12-11 12:35:40', '2022-12-11 12:35:40'),
(106, 5, 2, '2022-12-11 12:35:40', '2022-12-11 12:35:40'),
(107, 5, 3, '2022-12-11 12:35:40', '2022-12-11 12:35:40'),
(108, 5, 4, '2022-12-11 12:35:40', '2022-12-11 12:35:40'),
(109, 5, 5, '2022-12-11 12:35:40', '2022-12-11 12:35:40'),
(110, 5, 6, '2022-12-11 12:35:40', '2022-12-11 12:35:40'),
(111, 5, 7, '2022-12-11 12:35:40', '2022-12-11 12:35:40'),
(112, 5, 8, '2022-12-11 12:35:40', '2022-12-11 12:35:40'),
(113, 5, 9, '2022-12-11 12:35:40', '2022-12-11 12:35:40'),
(114, 5, 10, '2022-12-11 12:35:40', '2022-12-11 12:35:40'),
(115, 5, 11, '2022-12-11 12:35:40', '2022-12-11 12:35:40'),
(116, 5, 12, '2022-12-11 12:35:40', '2022-12-11 12:35:40'),
(117, 5, 13, '2022-12-11 12:35:40', '2022-12-11 12:35:40'),
(118, 5, 14, '2022-12-11 12:35:40', '2022-12-11 12:35:40'),
(119, 5, 15, '2022-12-11 12:35:40', '2022-12-11 12:35:40'),
(120, 5, 16, '2022-12-11 12:35:40', '2022-12-11 12:35:40'),
(121, 5, 17, '2022-12-11 12:35:40', '2022-12-11 12:35:40'),
(122, 5, 18, '2022-12-11 12:35:40', '2022-12-11 12:35:40'),
(123, 5, 19, '2022-12-11 12:35:40', '2022-12-11 12:35:40'),
(124, 5, 20, '2022-12-11 12:35:40', '2022-12-11 12:35:40'),
(125, 5, 21, '2022-12-11 12:35:40', '2022-12-11 12:35:40'),
(126, 5, 22, '2022-12-11 12:35:40', '2022-12-11 12:35:40'),
(127, 5, 23, '2022-12-11 12:35:40', '2022-12-11 12:35:40'),
(128, 5, 24, '2022-12-11 12:35:40', '2022-12-11 12:35:40'),
(129, 5, 25, '2022-12-11 12:35:40', '2022-12-11 12:35:40'),
(130, 5, 26, '2022-12-11 12:35:40', '2022-12-11 12:35:40'),
(131, 6, 1, '2022-12-11 12:35:40', '2022-12-11 12:35:40'),
(132, 6, 2, '2022-12-11 12:35:40', '2022-12-11 12:35:40'),
(133, 6, 3, '2022-12-11 12:35:40', '2022-12-11 12:35:40'),
(134, 6, 4, '2022-12-11 12:35:40', '2022-12-11 12:35:40'),
(135, 6, 5, '2022-12-11 12:35:40', '2022-12-11 12:35:40'),
(136, 6, 6, '2022-12-11 12:35:40', '2022-12-11 12:35:40'),
(137, 6, 7, '2022-12-11 12:35:40', '2022-12-11 12:35:40'),
(138, 6, 8, '2022-12-11 12:35:40', '2022-12-11 12:35:40'),
(139, 6, 9, '2022-12-11 12:35:40', '2022-12-11 12:35:40'),
(140, 6, 10, '2022-12-11 12:35:40', '2022-12-11 12:35:40'),
(141, 6, 11, '2022-12-11 12:35:40', '2022-12-11 12:35:40'),
(142, 6, 12, '2022-12-11 12:35:40', '2022-12-11 12:35:40'),
(143, 6, 13, '2022-12-11 12:35:40', '2022-12-11 12:35:40'),
(144, 6, 14, '2022-12-11 12:35:40', '2022-12-11 12:35:40'),
(145, 6, 15, '2022-12-11 12:35:40', '2022-12-11 12:35:40'),
(146, 6, 16, '2022-12-11 12:35:40', '2022-12-11 12:35:40'),
(147, 6, 17, '2022-12-11 12:35:40', '2022-12-11 12:35:40'),
(148, 6, 18, '2022-12-11 12:35:40', '2022-12-11 12:35:40'),
(149, 6, 19, '2022-12-11 12:35:40', '2022-12-11 12:35:40'),
(150, 6, 20, '2022-12-11 12:35:40', '2022-12-11 12:35:40'),
(151, 6, 21, '2022-12-11 12:35:40', '2022-12-11 12:35:40'),
(152, 6, 22, '2022-12-11 12:35:40', '2022-12-11 12:35:40'),
(153, 6, 23, '2022-12-11 12:35:40', '2022-12-11 12:35:40'),
(154, 6, 24, '2022-12-11 12:35:40', '2022-12-11 12:35:40'),
(155, 6, 25, '2022-12-11 12:35:40', '2022-12-11 12:35:40'),
(156, 6, 26, '2022-12-11 12:35:40', '2022-12-11 12:35:40'),
(157, 7, 1, '2022-12-11 12:35:40', '2022-12-11 12:35:40'),
(158, 7, 2, '2022-12-11 12:35:40', '2022-12-11 12:35:40'),
(159, 7, 3, '2022-12-11 12:35:40', '2022-12-11 12:35:40'),
(160, 7, 4, '2022-12-11 12:35:40', '2022-12-11 12:35:40'),
(161, 7, 5, '2022-12-11 12:35:40', '2022-12-11 12:35:40'),
(162, 7, 6, '2022-12-11 12:35:40', '2022-12-11 12:35:40'),
(163, 7, 7, '2022-12-11 12:35:40', '2022-12-11 12:35:40'),
(164, 7, 8, '2022-12-11 12:35:40', '2022-12-11 12:35:40'),
(165, 7, 9, '2022-12-11 12:35:40', '2022-12-11 12:35:40'),
(166, 7, 10, '2022-12-11 12:35:40', '2022-12-11 12:35:40'),
(167, 7, 11, '2022-12-11 12:35:40', '2022-12-11 12:35:40'),
(168, 7, 12, '2022-12-11 12:35:40', '2022-12-11 12:35:40'),
(169, 7, 13, '2022-12-11 12:35:40', '2022-12-11 12:35:40'),
(170, 7, 14, '2022-12-11 12:35:40', '2022-12-11 12:35:40'),
(171, 7, 15, '2022-12-11 12:35:40', '2022-12-11 12:35:40'),
(172, 7, 16, '2022-12-11 12:35:40', '2022-12-11 12:35:40'),
(173, 7, 17, '2022-12-11 12:35:40', '2022-12-11 12:35:40'),
(174, 7, 18, '2022-12-11 12:35:40', '2022-12-11 12:35:40'),
(175, 7, 19, '2022-12-11 12:35:40', '2022-12-11 12:35:40'),
(176, 7, 20, '2022-12-11 12:35:40', '2022-12-11 12:35:40'),
(177, 7, 21, '2022-12-11 12:35:40', '2022-12-11 12:35:40'),
(178, 7, 22, '2022-12-11 12:35:40', '2022-12-11 12:35:40'),
(179, 7, 23, '2022-12-11 12:35:40', '2022-12-11 12:35:40'),
(180, 7, 24, '2022-12-11 12:35:40', '2022-12-11 12:35:40'),
(181, 7, 25, '2022-12-11 12:35:40', '2022-12-11 12:35:40'),
(182, 7, 26, '2022-12-11 12:35:40', '2022-12-11 12:35:40'),
(183, 8, 1, '2022-12-11 12:35:40', '2022-12-11 12:35:40'),
(184, 8, 2, '2022-12-11 12:35:40', '2022-12-11 12:35:40'),
(185, 8, 3, '2022-12-11 12:35:40', '2022-12-11 12:35:40'),
(186, 8, 4, '2022-12-11 12:35:40', '2022-12-11 12:35:40'),
(187, 8, 5, '2022-12-11 12:35:40', '2022-12-11 12:35:40'),
(188, 8, 6, '2022-12-11 12:35:40', '2022-12-11 12:35:40'),
(189, 8, 7, '2022-12-11 12:35:40', '2022-12-11 12:35:40'),
(190, 8, 8, '2022-12-11 12:35:40', '2022-12-11 12:35:40'),
(191, 8, 9, '2022-12-11 12:35:40', '2022-12-11 12:35:40'),
(192, 8, 10, '2022-12-11 12:35:40', '2022-12-11 12:35:40'),
(193, 8, 11, '2022-12-11 12:35:40', '2022-12-11 12:35:40'),
(194, 8, 12, '2022-12-11 12:35:40', '2022-12-11 12:35:40'),
(195, 8, 13, '2022-12-11 12:35:40', '2022-12-11 12:35:40'),
(196, 8, 14, '2022-12-11 12:35:40', '2022-12-11 12:35:40'),
(197, 8, 15, '2022-12-11 12:35:40', '2022-12-11 12:35:40'),
(198, 8, 16, '2022-12-11 12:35:40', '2022-12-11 12:35:40'),
(199, 8, 17, '2022-12-11 12:35:40', '2022-12-11 12:35:40'),
(200, 8, 18, '2022-12-11 12:35:40', '2022-12-11 12:35:40'),
(201, 8, 19, '2022-12-11 12:35:40', '2022-12-11 12:35:40'),
(202, 8, 20, '2022-12-11 12:35:40', '2022-12-11 12:35:40'),
(203, 8, 21, '2022-12-11 12:35:40', '2022-12-11 12:35:40'),
(204, 8, 22, '2022-12-11 12:35:40', '2022-12-11 12:35:40'),
(205, 8, 23, '2022-12-11 12:35:40', '2022-12-11 12:35:40'),
(206, 8, 24, '2022-12-11 12:35:40', '2022-12-11 12:35:40'),
(207, 8, 25, '2022-12-11 12:35:40', '2022-12-11 12:35:40'),
(208, 8, 26, '2022-12-11 12:35:40', '2022-12-11 12:35:40'),
(209, 9, 1, '2022-12-11 12:35:40', '2022-12-11 12:35:40'),
(210, 9, 2, '2022-12-11 12:35:40', '2022-12-11 12:35:40'),
(211, 9, 3, '2022-12-11 12:35:40', '2022-12-11 12:35:40'),
(212, 9, 4, '2022-12-11 12:35:40', '2022-12-11 12:35:40'),
(213, 9, 5, '2022-12-11 12:35:40', '2022-12-11 12:35:40'),
(214, 9, 6, '2022-12-11 12:35:40', '2022-12-11 12:35:40'),
(215, 9, 7, '2022-12-11 12:35:40', '2022-12-11 12:35:40'),
(216, 9, 8, '2022-12-11 12:35:40', '2022-12-11 12:35:40'),
(217, 9, 9, '2022-12-11 12:35:40', '2022-12-11 12:35:40'),
(218, 9, 10, '2022-12-11 12:35:40', '2022-12-11 12:35:40'),
(219, 9, 11, '2022-12-11 12:35:40', '2022-12-11 12:35:40'),
(220, 9, 12, '2022-12-11 12:35:40', '2022-12-11 12:35:40'),
(221, 9, 13, '2022-12-11 12:35:40', '2022-12-11 12:35:40'),
(222, 9, 14, '2022-12-11 12:35:40', '2022-12-11 12:35:40'),
(223, 9, 15, '2022-12-11 12:35:40', '2022-12-11 12:35:40'),
(224, 9, 16, '2022-12-11 12:35:40', '2022-12-11 12:35:40'),
(225, 9, 17, '2022-12-11 12:35:40', '2022-12-11 12:35:40'),
(226, 9, 18, '2022-12-11 12:35:40', '2022-12-11 12:35:40'),
(227, 9, 19, '2022-12-11 12:35:40', '2022-12-11 12:35:40'),
(228, 9, 20, '2022-12-11 12:35:40', '2022-12-11 12:35:40'),
(229, 9, 21, '2022-12-11 12:35:40', '2022-12-11 12:35:40'),
(230, 9, 22, '2022-12-11 12:35:40', '2022-12-11 12:35:40'),
(231, 9, 23, '2022-12-11 12:35:40', '2022-12-11 12:35:40'),
(232, 9, 24, '2022-12-11 12:35:40', '2022-12-11 12:35:40'),
(233, 9, 25, '2022-12-11 12:35:40', '2022-12-11 12:35:40'),
(234, 9, 26, '2022-12-11 12:35:40', '2022-12-11 12:35:40'),
(235, 10, 1, '2022-12-11 12:35:40', '2022-12-11 12:35:40'),
(236, 10, 2, '2022-12-11 12:35:40', '2022-12-11 12:35:40'),
(237, 10, 3, '2022-12-11 12:35:40', '2022-12-11 12:35:40'),
(238, 10, 4, '2022-12-11 12:35:40', '2022-12-11 12:35:40'),
(239, 10, 5, '2022-12-11 12:35:40', '2022-12-11 12:35:40'),
(240, 10, 6, '2022-12-11 12:35:40', '2022-12-11 12:35:40'),
(241, 10, 7, '2022-12-11 12:35:40', '2022-12-11 12:35:40'),
(242, 10, 8, '2022-12-11 12:35:40', '2022-12-11 12:35:40'),
(243, 10, 9, '2022-12-11 12:35:40', '2022-12-11 12:35:40'),
(244, 10, 10, '2022-12-11 12:35:40', '2022-12-11 12:35:40'),
(245, 10, 11, '2022-12-11 12:35:40', '2022-12-11 12:35:40'),
(246, 10, 12, '2022-12-11 12:35:40', '2022-12-11 12:35:40'),
(247, 10, 13, '2022-12-11 12:35:40', '2022-12-11 12:35:40'),
(248, 10, 14, '2022-12-11 12:35:40', '2022-12-11 12:35:40'),
(249, 10, 15, '2022-12-11 12:35:40', '2022-12-11 12:35:40'),
(250, 10, 16, '2022-12-11 12:35:40', '2022-12-11 12:35:40'),
(251, 10, 17, '2022-12-11 12:35:40', '2022-12-11 12:35:40'),
(252, 10, 18, '2022-12-11 12:35:40', '2022-12-11 12:35:40'),
(253, 10, 19, '2022-12-11 12:35:40', '2022-12-11 12:35:40'),
(254, 10, 20, '2022-12-11 12:35:40', '2022-12-11 12:35:40'),
(255, 10, 21, '2022-12-11 12:35:40', '2022-12-11 12:35:40'),
(256, 10, 22, '2022-12-11 12:35:40', '2022-12-11 12:35:40'),
(257, 10, 23, '2022-12-11 12:35:40', '2022-12-11 12:35:40'),
(258, 10, 24, '2022-12-11 12:35:40', '2022-12-11 12:35:40'),
(259, 10, 25, '2022-12-11 12:35:40', '2022-12-11 12:35:40'),
(260, 10, 26, '2022-12-11 12:35:40', '2022-12-11 12:35:40'),
(261, 11, 1, '2022-12-11 12:35:40', '2022-12-11 12:35:40'),
(262, 11, 2, '2022-12-11 12:35:40', '2022-12-11 12:35:40'),
(263, 11, 3, '2022-12-11 12:35:40', '2022-12-11 12:35:40'),
(264, 11, 4, '2022-12-11 12:35:40', '2022-12-11 12:35:40'),
(265, 11, 5, '2022-12-11 12:35:40', '2022-12-11 12:35:40'),
(266, 11, 6, '2022-12-11 12:35:40', '2022-12-11 12:35:40'),
(267, 11, 7, '2022-12-11 12:35:40', '2022-12-11 12:35:40'),
(268, 11, 8, '2022-12-11 12:35:40', '2022-12-11 12:35:40'),
(269, 11, 9, '2022-12-11 12:35:40', '2022-12-11 12:35:40'),
(270, 11, 10, '2022-12-11 12:35:40', '2022-12-11 12:35:40'),
(271, 11, 11, '2022-12-11 12:35:40', '2022-12-11 12:35:40'),
(272, 11, 12, '2022-12-11 12:35:40', '2022-12-11 12:35:40'),
(273, 11, 13, '2022-12-11 12:35:40', '2022-12-11 12:35:40'),
(274, 11, 14, '2022-12-11 12:35:40', '2022-12-11 12:35:40'),
(275, 11, 15, '2022-12-11 12:35:40', '2022-12-11 12:35:40'),
(276, 11, 16, '2022-12-11 12:35:40', '2022-12-11 12:35:40'),
(277, 11, 17, '2022-12-11 12:35:40', '2022-12-11 12:35:40'),
(278, 11, 18, '2022-12-11 12:35:40', '2022-12-11 12:35:40'),
(279, 11, 19, '2022-12-11 12:35:40', '2022-12-11 12:35:40'),
(280, 11, 20, '2022-12-11 12:35:40', '2022-12-11 12:35:40'),
(281, 11, 21, '2022-12-11 12:35:40', '2022-12-11 12:35:40'),
(282, 11, 22, '2022-12-11 12:35:40', '2022-12-11 12:35:40'),
(283, 11, 23, '2022-12-11 12:35:40', '2022-12-11 12:35:40'),
(284, 11, 24, '2022-12-11 12:35:40', '2022-12-11 12:35:40'),
(285, 11, 25, '2022-12-11 12:35:40', '2022-12-11 12:35:40'),
(286, 11, 26, '2022-12-11 12:35:40', '2022-12-11 12:35:40'),
(287, 12, 1, '2022-12-11 12:35:40', '2022-12-11 12:35:40'),
(288, 12, 2, '2022-12-11 12:35:40', '2022-12-11 12:35:40'),
(289, 12, 3, '2022-12-11 12:35:40', '2022-12-11 12:35:40'),
(290, 12, 4, '2022-12-11 12:35:40', '2022-12-11 12:35:40'),
(291, 12, 5, '2022-12-11 12:35:40', '2022-12-11 12:35:40'),
(292, 12, 6, '2022-12-11 12:35:40', '2022-12-11 12:35:40'),
(293, 12, 7, '2022-12-11 12:35:40', '2022-12-11 12:35:40'),
(294, 12, 8, '2022-12-11 12:35:40', '2022-12-11 12:35:40'),
(295, 12, 9, '2022-12-11 12:35:40', '2022-12-11 12:35:40'),
(296, 12, 10, '2022-12-11 12:35:40', '2022-12-11 12:35:40'),
(297, 12, 11, '2022-12-11 12:35:40', '2022-12-11 12:35:40'),
(298, 12, 12, '2022-12-11 12:35:40', '2022-12-11 12:35:40'),
(299, 12, 13, '2022-12-11 12:35:40', '2022-12-11 12:35:40'),
(300, 12, 14, '2022-12-11 12:35:40', '2022-12-11 12:35:40'),
(301, 12, 15, '2022-12-11 12:35:40', '2022-12-11 12:35:40'),
(302, 12, 16, '2022-12-11 12:35:40', '2022-12-11 12:35:40'),
(303, 12, 17, '2022-12-11 12:35:40', '2022-12-11 12:35:40'),
(304, 12, 18, '2022-12-11 12:35:40', '2022-12-11 12:35:40'),
(305, 12, 19, '2022-12-11 12:35:40', '2022-12-11 12:35:40'),
(306, 12, 20, '2022-12-11 12:35:40', '2022-12-11 12:35:40'),
(307, 12, 21, '2022-12-11 12:35:40', '2022-12-11 12:35:40'),
(308, 12, 22, '2022-12-11 12:35:40', '2022-12-11 12:35:40'),
(309, 12, 23, '2022-12-11 12:35:40', '2022-12-11 12:35:40'),
(310, 12, 24, '2022-12-11 12:35:40', '2022-12-11 12:35:40'),
(311, 12, 25, '2022-12-11 12:35:40', '2022-12-11 12:35:40'),
(312, 12, 26, '2022-12-11 12:35:40', '2022-12-11 12:35:40'),
(313, 13, 1, '2022-12-11 12:35:40', '2022-12-11 12:35:40'),
(314, 13, 2, '2022-12-11 12:35:40', '2022-12-11 12:35:40'),
(315, 13, 3, '2022-12-11 12:35:40', '2022-12-11 12:35:40'),
(316, 13, 4, '2022-12-11 12:35:40', '2022-12-11 12:35:40'),
(317, 13, 5, '2022-12-11 12:35:40', '2022-12-11 12:35:40'),
(318, 13, 6, '2022-12-11 12:35:40', '2022-12-11 12:35:40'),
(319, 13, 7, '2022-12-11 12:35:40', '2022-12-11 12:35:40'),
(320, 13, 8, '2022-12-11 12:35:40', '2022-12-11 12:35:40'),
(321, 13, 9, '2022-12-11 12:35:40', '2022-12-11 12:35:40'),
(322, 13, 10, '2022-12-11 12:35:40', '2022-12-11 12:35:40'),
(323, 13, 11, '2022-12-11 12:35:40', '2022-12-11 12:35:40'),
(324, 13, 12, '2022-12-11 12:35:40', '2022-12-11 12:35:40'),
(325, 13, 13, '2022-12-11 12:35:40', '2022-12-11 12:35:40'),
(326, 13, 14, '2022-12-11 12:35:40', '2022-12-11 12:35:40'),
(327, 13, 15, '2022-12-11 12:35:40', '2022-12-11 12:35:40'),
(328, 13, 16, '2022-12-11 12:35:40', '2022-12-11 12:35:40'),
(329, 13, 17, '2022-12-11 12:35:40', '2022-12-11 12:35:40'),
(330, 13, 18, '2022-12-11 12:35:40', '2022-12-11 12:35:40'),
(331, 13, 19, '2022-12-11 12:35:40', '2022-12-11 12:35:40'),
(332, 13, 20, '2022-12-11 12:35:40', '2022-12-11 12:35:40'),
(333, 13, 21, '2022-12-11 12:35:40', '2022-12-11 12:35:40'),
(334, 13, 22, '2022-12-11 12:35:40', '2022-12-11 12:35:40'),
(335, 13, 23, '2022-12-11 12:35:40', '2022-12-11 12:35:40'),
(336, 13, 24, '2022-12-11 12:35:40', '2022-12-11 12:35:40'),
(337, 13, 25, '2022-12-11 12:35:40', '2022-12-11 12:35:40'),
(338, 13, 26, '2022-12-11 12:35:40', '2022-12-11 12:35:40'),
(339, 14, 1, '2022-12-11 12:35:40', '2022-12-11 12:35:40'),
(340, 14, 2, '2022-12-11 12:35:40', '2022-12-11 12:35:40'),
(341, 14, 3, '2022-12-11 12:35:40', '2022-12-11 12:35:40'),
(342, 14, 4, '2022-12-11 12:35:40', '2022-12-11 12:35:40'),
(343, 14, 5, '2022-12-11 12:35:40', '2022-12-11 12:35:40'),
(344, 14, 6, '2022-12-11 12:35:40', '2022-12-11 12:35:40'),
(345, 14, 7, '2022-12-11 12:35:40', '2022-12-11 12:35:40'),
(346, 14, 8, '2022-12-11 12:35:40', '2022-12-11 12:35:40'),
(347, 14, 9, '2022-12-11 12:35:40', '2022-12-11 12:35:40'),
(348, 14, 10, '2022-12-11 12:35:40', '2022-12-11 12:35:40'),
(349, 14, 11, '2022-12-11 12:35:40', '2022-12-11 12:35:40'),
(350, 14, 12, '2022-12-11 12:35:40', '2022-12-11 12:35:40'),
(351, 14, 13, '2022-12-11 12:35:40', '2022-12-11 12:35:40'),
(352, 14, 14, '2022-12-11 12:35:40', '2022-12-11 12:35:40'),
(353, 14, 15, '2022-12-11 12:35:40', '2022-12-11 12:35:40'),
(354, 14, 16, '2022-12-11 12:35:40', '2022-12-11 12:35:40'),
(355, 14, 17, '2022-12-11 12:35:40', '2022-12-11 12:35:40'),
(356, 14, 18, '2022-12-11 12:35:40', '2022-12-11 12:35:40'),
(357, 14, 19, '2022-12-11 12:35:40', '2022-12-11 12:35:40'),
(358, 14, 20, '2022-12-11 12:35:40', '2022-12-11 12:35:40'),
(359, 14, 21, '2022-12-11 12:35:40', '2022-12-11 12:35:40'),
(360, 14, 22, '2022-12-11 12:35:40', '2022-12-11 12:35:40'),
(361, 14, 23, '2022-12-11 12:35:40', '2022-12-11 12:35:40'),
(362, 14, 24, '2022-12-11 12:35:40', '2022-12-11 12:35:40'),
(363, 14, 25, '2022-12-11 12:35:40', '2022-12-11 12:35:40'),
(364, 14, 26, '2022-12-11 12:35:40', '2022-12-11 12:35:40'),
(365, 15, 1, '2022-12-11 12:35:40', '2022-12-11 12:35:40'),
(366, 15, 2, '2022-12-11 12:35:40', '2022-12-11 12:35:40'),
(367, 15, 3, '2022-12-11 12:35:40', '2022-12-11 12:35:40'),
(368, 15, 4, '2022-12-11 12:35:40', '2022-12-11 12:35:40'),
(369, 15, 5, '2022-12-11 12:35:40', '2022-12-11 12:35:40'),
(370, 15, 6, '2022-12-11 12:35:40', '2022-12-11 12:35:40'),
(371, 15, 7, '2022-12-11 12:35:40', '2022-12-11 12:35:40'),
(372, 15, 8, '2022-12-11 12:35:40', '2022-12-11 12:35:40'),
(373, 15, 9, '2022-12-11 12:35:40', '2022-12-11 12:35:40'),
(374, 15, 10, '2022-12-11 12:35:40', '2022-12-11 12:35:40'),
(375, 15, 11, '2022-12-11 12:35:40', '2022-12-11 12:35:40'),
(376, 15, 12, '2022-12-11 12:35:40', '2022-12-11 12:35:40'),
(377, 15, 13, '2022-12-11 12:35:40', '2022-12-11 12:35:40'),
(378, 15, 14, '2022-12-11 12:35:40', '2022-12-11 12:35:40'),
(379, 15, 15, '2022-12-11 12:35:40', '2022-12-11 12:35:40'),
(380, 15, 16, '2022-12-11 12:35:40', '2022-12-11 12:35:40'),
(381, 15, 17, '2022-12-11 12:35:40', '2022-12-11 12:35:40'),
(382, 15, 18, '2022-12-11 12:35:40', '2022-12-11 12:35:40'),
(383, 15, 19, '2022-12-11 12:35:40', '2022-12-11 12:35:40'),
(384, 15, 20, '2022-12-11 12:35:40', '2022-12-11 12:35:40'),
(385, 15, 21, '2022-12-11 12:35:40', '2022-12-11 12:35:40'),
(386, 15, 22, '2022-12-11 12:35:40', '2022-12-11 12:35:40'),
(387, 15, 23, '2022-12-11 12:35:40', '2022-12-11 12:35:40'),
(388, 15, 24, '2022-12-11 12:35:40', '2022-12-11 12:35:40'),
(389, 15, 25, '2022-12-11 12:35:40', '2022-12-11 12:35:40'),
(390, 15, 26, '2022-12-11 12:35:40', '2022-12-11 12:35:40'),
(391, 16, 1, '2022-12-11 12:35:40', '2022-12-11 12:35:40'),
(392, 16, 2, '2022-12-11 12:35:40', '2022-12-11 12:35:40'),
(393, 16, 3, '2022-12-11 12:35:40', '2022-12-11 12:35:40'),
(394, 16, 4, '2022-12-11 12:35:40', '2022-12-11 12:35:40'),
(395, 16, 5, '2022-12-11 12:35:40', '2022-12-11 12:35:40'),
(396, 16, 6, '2022-12-11 12:35:40', '2022-12-11 12:35:40'),
(397, 16, 7, '2022-12-11 12:35:40', '2022-12-11 12:35:40'),
(398, 16, 8, '2022-12-11 12:35:40', '2022-12-11 12:35:40'),
(399, 16, 9, '2022-12-11 12:35:40', '2022-12-11 12:35:40'),
(400, 16, 10, '2022-12-11 12:35:40', '2022-12-11 12:35:40'),
(401, 16, 11, '2022-12-11 12:35:40', '2022-12-11 12:35:40'),
(402, 16, 12, '2022-12-11 12:35:40', '2022-12-11 12:35:40'),
(403, 16, 13, '2022-12-11 12:35:40', '2022-12-11 12:35:40'),
(404, 16, 14, '2022-12-11 12:35:40', '2022-12-11 12:35:40'),
(405, 16, 15, '2022-12-11 12:35:40', '2022-12-11 12:35:40'),
(406, 16, 16, '2022-12-11 12:35:40', '2022-12-11 12:35:40'),
(407, 16, 17, '2022-12-11 12:35:40', '2022-12-11 12:35:40'),
(408, 16, 18, '2022-12-11 12:35:40', '2022-12-11 12:35:40'),
(409, 16, 19, '2022-12-11 12:35:40', '2022-12-11 12:35:40'),
(410, 16, 20, '2022-12-11 12:35:40', '2022-12-11 12:35:40'),
(411, 16, 21, '2022-12-11 12:35:40', '2022-12-11 12:35:40'),
(412, 16, 22, '2022-12-11 12:35:40', '2022-12-11 12:35:40'),
(413, 16, 23, '2022-12-11 12:35:40', '2022-12-11 12:35:40'),
(414, 16, 24, '2022-12-11 12:35:40', '2022-12-11 12:35:40'),
(415, 16, 25, '2022-12-11 12:35:40', '2022-12-11 12:35:40'),
(416, 16, 26, '2022-12-11 12:35:40', '2022-12-11 12:35:40'),
(417, 17, 1, '2022-12-11 12:35:40', '2022-12-11 12:35:40'),
(418, 17, 2, '2022-12-11 12:35:40', '2022-12-11 12:35:40'),
(419, 17, 3, '2022-12-11 12:35:40', '2022-12-11 12:35:40'),
(420, 17, 4, '2022-12-11 12:35:40', '2022-12-11 12:35:40'),
(421, 17, 5, '2022-12-11 12:35:40', '2022-12-11 12:35:40'),
(422, 17, 6, '2022-12-11 12:35:40', '2022-12-11 12:35:40'),
(423, 17, 7, '2022-12-11 12:35:40', '2022-12-11 12:35:40'),
(424, 17, 8, '2022-12-11 12:35:40', '2022-12-11 12:35:40'),
(425, 17, 9, '2022-12-11 12:35:40', '2022-12-11 12:35:40'),
(426, 17, 10, '2022-12-11 12:35:40', '2022-12-11 12:35:40'),
(427, 17, 11, '2022-12-11 12:35:40', '2022-12-11 12:35:40'),
(428, 17, 12, '2022-12-11 12:35:40', '2022-12-11 12:35:40'),
(429, 17, 13, '2022-12-11 12:35:40', '2022-12-11 12:35:40'),
(430, 17, 14, '2022-12-11 12:35:40', '2022-12-11 12:35:40'),
(431, 17, 15, '2022-12-11 12:35:40', '2022-12-11 12:35:40'),
(432, 17, 16, '2022-12-11 12:35:40', '2022-12-11 12:35:40'),
(433, 17, 17, '2022-12-11 12:35:40', '2022-12-11 12:35:40'),
(434, 17, 18, '2022-12-11 12:35:40', '2022-12-11 12:35:40'),
(435, 17, 19, '2022-12-11 12:35:40', '2022-12-11 12:35:40'),
(436, 17, 20, '2022-12-11 12:35:40', '2022-12-11 12:35:40'),
(437, 17, 21, '2022-12-11 12:35:40', '2022-12-11 12:35:40'),
(438, 17, 22, '2022-12-11 12:35:40', '2022-12-11 12:35:40'),
(439, 17, 23, '2022-12-11 12:35:40', '2022-12-11 12:35:40'),
(440, 17, 24, '2022-12-11 12:35:40', '2022-12-11 12:35:40'),
(441, 17, 25, '2022-12-11 12:35:40', '2022-12-11 12:35:40'),
(442, 17, 26, '2022-12-11 12:35:40', '2022-12-11 12:35:40'),
(443, 18, 1, '2022-12-11 12:35:40', '2022-12-11 12:35:40'),
(444, 18, 2, '2022-12-11 12:35:40', '2022-12-11 12:35:40'),
(445, 18, 3, '2022-12-11 12:35:40', '2022-12-11 12:35:40'),
(446, 18, 4, '2022-12-11 12:35:40', '2022-12-11 12:35:40'),
(447, 18, 5, '2022-12-11 12:35:40', '2022-12-11 12:35:40'),
(448, 18, 6, '2022-12-11 12:35:40', '2022-12-11 12:35:40'),
(449, 18, 7, '2022-12-11 12:35:40', '2022-12-11 12:35:40'),
(450, 18, 8, '2022-12-11 12:35:40', '2022-12-11 12:35:40'),
(451, 18, 9, '2022-12-11 12:35:40', '2022-12-11 12:35:40'),
(452, 18, 10, '2022-12-11 12:35:40', '2022-12-11 12:35:40'),
(453, 18, 11, '2022-12-11 12:35:40', '2022-12-11 12:35:40'),
(454, 18, 12, '2022-12-11 12:35:40', '2022-12-11 12:35:40'),
(455, 18, 13, '2022-12-11 12:35:40', '2022-12-11 12:35:40'),
(456, 18, 14, '2022-12-11 12:35:40', '2022-12-11 12:35:40'),
(457, 18, 15, '2022-12-11 12:35:40', '2022-12-11 12:35:40'),
(458, 18, 16, '2022-12-11 12:35:40', '2022-12-11 12:35:40'),
(459, 18, 17, '2022-12-11 12:35:40', '2022-12-11 12:35:40'),
(460, 18, 18, '2022-12-11 12:35:40', '2022-12-11 12:35:40'),
(461, 18, 19, '2022-12-11 12:35:40', '2022-12-11 12:35:40'),
(462, 18, 20, '2022-12-11 12:35:40', '2022-12-11 12:35:40'),
(463, 18, 21, '2022-12-11 12:35:40', '2022-12-11 12:35:40'),
(464, 18, 22, '2022-12-11 12:35:40', '2022-12-11 12:35:40'),
(465, 18, 23, '2022-12-11 12:35:40', '2022-12-11 12:35:40'),
(466, 18, 24, '2022-12-11 12:35:40', '2022-12-11 12:35:40'),
(467, 18, 25, '2022-12-11 12:35:40', '2022-12-11 12:35:40'),
(468, 18, 26, '2022-12-11 12:35:40', '2022-12-11 12:35:40'),
(469, 19, 1, '2022-12-11 12:35:40', '2022-12-11 12:35:40'),
(470, 19, 2, '2022-12-11 12:35:40', '2022-12-11 12:35:40'),
(471, 19, 3, '2022-12-11 12:35:40', '2022-12-11 12:35:40'),
(472, 19, 4, '2022-12-11 12:35:40', '2022-12-11 12:35:40'),
(473, 19, 5, '2022-12-11 12:35:40', '2022-12-11 12:35:40'),
(474, 19, 6, '2022-12-11 12:35:40', '2022-12-11 12:35:40'),
(475, 19, 7, '2022-12-11 12:35:40', '2022-12-11 12:35:40'),
(476, 19, 8, '2022-12-11 12:35:40', '2022-12-11 12:35:40'),
(477, 19, 9, '2022-12-11 12:35:40', '2022-12-11 12:35:40'),
(478, 19, 10, '2022-12-11 12:35:40', '2022-12-11 12:35:40'),
(479, 19, 11, '2022-12-11 12:35:40', '2022-12-11 12:35:40'),
(480, 19, 12, '2022-12-11 12:35:40', '2022-12-11 12:35:40'),
(481, 19, 13, '2022-12-11 12:35:40', '2022-12-11 12:35:40'),
(482, 19, 14, '2022-12-11 12:35:40', '2022-12-11 12:35:40'),
(483, 19, 15, '2022-12-11 12:35:40', '2022-12-11 12:35:40'),
(484, 19, 16, '2022-12-11 12:35:40', '2022-12-11 12:35:40'),
(485, 19, 17, '2022-12-11 12:35:40', '2022-12-11 12:35:40'),
(486, 19, 18, '2022-12-11 12:35:40', '2022-12-11 12:35:40'),
(487, 19, 19, '2022-12-11 12:35:40', '2022-12-11 12:35:40'),
(488, 19, 20, '2022-12-11 12:35:40', '2022-12-11 12:35:40'),
(489, 19, 21, '2022-12-11 12:35:40', '2022-12-11 12:35:40'),
(490, 19, 22, '2022-12-11 12:35:40', '2022-12-11 12:35:40'),
(491, 19, 23, '2022-12-11 12:35:40', '2022-12-11 12:35:40'),
(492, 19, 24, '2022-12-11 12:35:40', '2022-12-11 12:35:40'),
(493, 19, 25, '2022-12-11 12:35:40', '2022-12-11 12:35:40'),
(494, 19, 26, '2022-12-11 12:35:40', '2022-12-11 12:35:40'),
(495, 20, 1, '2022-12-11 12:35:40', '2022-12-11 12:35:40'),
(496, 20, 2, '2022-12-11 12:35:40', '2022-12-11 12:35:40'),
(497, 20, 3, '2022-12-11 12:35:40', '2022-12-11 12:35:40'),
(498, 20, 4, '2022-12-11 12:35:40', '2022-12-11 12:35:40'),
(499, 20, 5, '2022-12-11 12:35:40', '2022-12-11 12:35:40'),
(500, 20, 6, '2022-12-11 12:35:40', '2022-12-11 12:35:40'),
(501, 20, 7, '2022-12-11 12:35:40', '2022-12-11 12:35:40'),
(502, 20, 8, '2022-12-11 12:35:40', '2022-12-11 12:35:40'),
(503, 20, 9, '2022-12-11 12:35:40', '2022-12-11 12:35:40'),
(504, 20, 10, '2022-12-11 12:35:40', '2022-12-11 12:35:40'),
(505, 20, 11, '2022-12-11 12:35:40', '2022-12-11 12:35:40'),
(506, 20, 12, '2022-12-11 12:35:40', '2022-12-11 12:35:40'),
(507, 20, 13, '2022-12-11 12:35:40', '2022-12-11 12:35:40'),
(508, 20, 14, '2022-12-11 12:35:40', '2022-12-11 12:35:40'),
(509, 20, 15, '2022-12-11 12:35:40', '2022-12-11 12:35:40'),
(510, 20, 16, '2022-12-11 12:35:40', '2022-12-11 12:35:40'),
(511, 20, 17, '2022-12-11 12:35:40', '2022-12-11 12:35:40'),
(512, 20, 18, '2022-12-11 12:35:40', '2022-12-11 12:35:40'),
(513, 20, 19, '2022-12-11 12:35:40', '2022-12-11 12:35:40'),
(514, 20, 20, '2022-12-11 12:35:40', '2022-12-11 12:35:40'),
(515, 20, 21, '2022-12-11 12:35:40', '2022-12-11 12:35:40'),
(516, 20, 22, '2022-12-11 12:35:40', '2022-12-11 12:35:40'),
(517, 20, 23, '2022-12-11 12:35:40', '2022-12-11 12:35:40'),
(518, 20, 24, '2022-12-11 12:35:40', '2022-12-11 12:35:40'),
(519, 20, 25, '2022-12-11 12:35:40', '2022-12-11 12:35:40'),
(520, 20, 26, '2022-12-11 12:35:40', '2022-12-11 12:35:40'),
(521, 21, 1, '2022-12-11 12:35:40', '2022-12-11 12:35:40'),
(522, 21, 2, '2022-12-11 12:35:40', '2022-12-11 12:35:40'),
(523, 21, 3, '2022-12-11 12:35:40', '2022-12-11 12:35:40'),
(524, 21, 4, '2022-12-11 12:35:40', '2022-12-11 12:35:40'),
(525, 21, 5, '2022-12-11 12:35:40', '2022-12-11 12:35:40'),
(526, 21, 6, '2022-12-11 12:35:40', '2022-12-11 12:35:40'),
(527, 21, 7, '2022-12-11 12:35:40', '2022-12-11 12:35:40'),
(528, 21, 8, '2022-12-11 12:35:40', '2022-12-11 12:35:40'),
(529, 21, 9, '2022-12-11 12:35:40', '2022-12-11 12:35:40'),
(530, 21, 10, '2022-12-11 12:35:40', '2022-12-11 12:35:40'),
(531, 21, 11, '2022-12-11 12:35:40', '2022-12-11 12:35:40'),
(532, 21, 12, '2022-12-11 12:35:40', '2022-12-11 12:35:40'),
(533, 21, 13, '2022-12-11 12:35:40', '2022-12-11 12:35:40'),
(534, 21, 14, '2022-12-11 12:35:40', '2022-12-11 12:35:40'),
(535, 21, 15, '2022-12-11 12:35:40', '2022-12-11 12:35:40'),
(536, 21, 16, '2022-12-11 12:35:40', '2022-12-11 12:35:40'),
(537, 21, 17, '2022-12-11 12:35:40', '2022-12-11 12:35:40'),
(538, 21, 18, '2022-12-11 12:35:40', '2022-12-11 12:35:40'),
(539, 21, 19, '2022-12-11 12:35:40', '2022-12-11 12:35:40'),
(540, 21, 20, '2022-12-11 12:35:40', '2022-12-11 12:35:40'),
(541, 21, 21, '2022-12-11 12:35:40', '2022-12-11 12:35:40'),
(542, 21, 22, '2022-12-11 12:35:40', '2022-12-11 12:35:40'),
(543, 21, 23, '2022-12-11 12:35:40', '2022-12-11 12:35:40'),
(544, 21, 24, '2022-12-11 12:35:40', '2022-12-11 12:35:40'),
(545, 21, 25, '2022-12-11 12:35:40', '2022-12-11 12:35:40'),
(546, 21, 26, '2022-12-11 12:35:40', '2022-12-11 12:35:40'),
(547, 22, 1, '2022-12-11 12:35:40', '2022-12-11 12:35:40'),
(548, 22, 2, '2022-12-11 12:35:40', '2022-12-11 12:35:40'),
(549, 22, 3, '2022-12-11 12:35:40', '2022-12-11 12:35:40'),
(550, 22, 4, '2022-12-11 12:35:40', '2022-12-11 12:35:40'),
(551, 22, 5, '2022-12-11 12:35:40', '2022-12-11 12:35:40'),
(552, 22, 6, '2022-12-11 12:35:40', '2022-12-11 12:35:40'),
(553, 22, 7, '2022-12-11 12:35:40', '2022-12-11 12:35:40'),
(554, 22, 8, '2022-12-11 12:35:40', '2022-12-11 12:35:40'),
(555, 22, 9, '2022-12-11 12:35:40', '2022-12-11 12:35:40'),
(556, 22, 10, '2022-12-11 12:35:40', '2022-12-11 12:35:40'),
(557, 22, 11, '2022-12-11 12:35:40', '2022-12-11 12:35:40'),
(558, 22, 12, '2022-12-11 12:35:40', '2022-12-11 12:35:40'),
(559, 22, 13, '2022-12-11 12:35:40', '2022-12-11 12:35:40'),
(560, 22, 14, '2022-12-11 12:35:40', '2022-12-11 12:35:40'),
(561, 22, 15, '2022-12-11 12:35:40', '2022-12-11 12:35:40'),
(562, 22, 16, '2022-12-11 12:35:40', '2022-12-11 12:35:40'),
(563, 22, 17, '2022-12-11 12:35:40', '2022-12-11 12:35:40'),
(564, 22, 18, '2022-12-11 12:35:40', '2022-12-11 12:35:40'),
(565, 22, 19, '2022-12-11 12:35:40', '2022-12-11 12:35:40'),
(566, 22, 20, '2022-12-11 12:35:40', '2022-12-11 12:35:40'),
(567, 22, 21, '2022-12-11 12:35:40', '2022-12-11 12:35:40'),
(568, 22, 22, '2022-12-11 12:35:40', '2022-12-11 12:35:40'),
(569, 22, 23, '2022-12-11 12:35:40', '2022-12-11 12:35:40'),
(570, 22, 24, '2022-12-11 12:35:40', '2022-12-11 12:35:40'),
(571, 22, 25, '2022-12-11 12:35:40', '2022-12-11 12:35:40'),
(572, 22, 26, '2022-12-11 12:35:40', '2022-12-11 12:35:40'),
(573, 23, 1, '2022-12-11 12:35:40', '2022-12-11 12:35:40'),
(574, 23, 2, '2022-12-11 12:35:40', '2022-12-11 12:35:40'),
(575, 23, 3, '2022-12-11 12:35:40', '2022-12-11 12:35:40'),
(576, 23, 4, '2022-12-11 12:35:40', '2022-12-11 12:35:40'),
(577, 23, 5, '2022-12-11 12:35:40', '2022-12-11 12:35:40'),
(578, 23, 6, '2022-12-11 12:35:40', '2022-12-11 12:35:40'),
(579, 23, 7, '2022-12-11 12:35:40', '2022-12-11 12:35:40'),
(580, 23, 8, '2022-12-11 12:35:40', '2022-12-11 12:35:40'),
(581, 23, 9, '2022-12-11 12:35:40', '2022-12-11 12:35:40'),
(582, 23, 10, '2022-12-11 12:35:40', '2022-12-11 12:35:40'),
(583, 23, 11, '2022-12-11 12:35:40', '2022-12-11 12:35:40'),
(584, 23, 12, '2022-12-11 12:35:40', '2022-12-11 12:35:40'),
(585, 23, 13, '2022-12-11 12:35:40', '2022-12-11 12:35:40'),
(586, 23, 14, '2022-12-11 12:35:40', '2022-12-11 12:35:40'),
(587, 23, 15, '2022-12-11 12:35:40', '2022-12-11 12:35:40'),
(588, 23, 16, '2022-12-11 12:35:40', '2022-12-11 12:35:40'),
(589, 23, 17, '2022-12-11 12:35:40', '2022-12-11 12:35:40'),
(590, 23, 18, '2022-12-11 12:35:40', '2022-12-11 12:35:40'),
(591, 23, 19, '2022-12-11 12:35:40', '2022-12-11 12:35:40'),
(592, 23, 20, '2022-12-11 12:35:40', '2022-12-11 12:35:40'),
(593, 23, 21, '2022-12-11 12:35:40', '2022-12-11 12:35:40'),
(594, 23, 22, '2022-12-11 12:35:40', '2022-12-11 12:35:40'),
(595, 23, 23, '2022-12-11 12:35:40', '2022-12-11 12:35:40'),
(596, 23, 24, '2022-12-11 12:35:40', '2022-12-11 12:35:40'),
(597, 23, 25, '2022-12-11 12:35:40', '2022-12-11 12:35:40'),
(598, 23, 26, '2022-12-11 12:35:40', '2022-12-11 12:35:40'),
(599, 24, 1, '2022-12-11 12:35:40', '2022-12-11 12:35:40'),
(600, 24, 2, '2022-12-11 12:35:40', '2022-12-11 12:35:40'),
(601, 24, 3, '2022-12-11 12:35:40', '2022-12-11 12:35:40'),
(602, 24, 4, '2022-12-11 12:35:40', '2022-12-11 12:35:40'),
(603, 24, 5, '2022-12-11 12:35:40', '2022-12-11 12:35:40'),
(604, 24, 6, '2022-12-11 12:35:40', '2022-12-11 12:35:40'),
(605, 24, 7, '2022-12-11 12:35:40', '2022-12-11 12:35:40'),
(606, 24, 8, '2022-12-11 12:35:40', '2022-12-11 12:35:40'),
(607, 24, 9, '2022-12-11 12:35:40', '2022-12-11 12:35:40'),
(608, 24, 10, '2022-12-11 12:35:40', '2022-12-11 12:35:40'),
(609, 24, 11, '2022-12-11 12:35:40', '2022-12-11 12:35:40'),
(610, 24, 12, '2022-12-11 12:35:40', '2022-12-11 12:35:40'),
(611, 24, 13, '2022-12-11 12:35:40', '2022-12-11 12:35:40'),
(612, 24, 14, '2022-12-11 12:35:40', '2022-12-11 12:35:40'),
(613, 24, 15, '2022-12-11 12:35:40', '2022-12-11 12:35:40'),
(614, 24, 16, '2022-12-11 12:35:40', '2022-12-11 12:35:40'),
(615, 24, 17, '2022-12-11 12:35:40', '2022-12-11 12:35:40'),
(616, 24, 18, '2022-12-11 12:35:40', '2022-12-11 12:35:40'),
(617, 24, 19, '2022-12-11 12:35:40', '2022-12-11 12:35:40'),
(618, 24, 20, '2022-12-11 12:35:40', '2022-12-11 12:35:40'),
(619, 24, 21, '2022-12-11 12:35:40', '2022-12-11 12:35:40'),
(620, 24, 22, '2022-12-11 12:35:40', '2022-12-11 12:35:40'),
(621, 24, 23, '2022-12-11 12:35:40', '2022-12-11 12:35:40'),
(622, 24, 24, '2022-12-11 12:35:40', '2022-12-11 12:35:40'),
(623, 24, 25, '2022-12-11 12:35:40', '2022-12-11 12:35:40'),
(624, 24, 26, '2022-12-11 12:35:40', '2022-12-11 12:35:40'),
(625, 25, 1, '2022-12-11 12:35:40', '2022-12-11 12:35:40'),
(626, 25, 2, '2022-12-11 12:35:40', '2022-12-11 12:35:40'),
(627, 25, 3, '2022-12-11 12:35:40', '2022-12-11 12:35:40'),
(628, 25, 4, '2022-12-11 12:35:40', '2022-12-11 12:35:40'),
(629, 25, 5, '2022-12-11 12:35:40', '2022-12-11 12:35:40'),
(630, 25, 6, '2022-12-11 12:35:40', '2022-12-11 12:35:40'),
(631, 25, 7, '2022-12-11 12:35:40', '2022-12-11 12:35:40'),
(632, 25, 8, '2022-12-11 12:35:40', '2022-12-11 12:35:40'),
(633, 25, 9, '2022-12-11 12:35:40', '2022-12-11 12:35:40'),
(634, 25, 10, '2022-12-11 12:35:40', '2022-12-11 12:35:40'),
(635, 25, 11, '2022-12-11 12:35:40', '2022-12-11 12:35:40'),
(636, 25, 12, '2022-12-11 12:35:40', '2022-12-11 12:35:40'),
(637, 25, 13, '2022-12-11 12:35:40', '2022-12-11 12:35:40'),
(638, 25, 14, '2022-12-11 12:35:40', '2022-12-11 12:35:40'),
(639, 25, 15, '2022-12-11 12:35:40', '2022-12-11 12:35:40'),
(640, 25, 16, '2022-12-11 12:35:40', '2022-12-11 12:35:40'),
(641, 25, 17, '2022-12-11 12:35:40', '2022-12-11 12:35:40'),
(642, 25, 18, '2022-12-11 12:35:40', '2022-12-11 12:35:40'),
(643, 25, 19, '2022-12-11 12:35:40', '2022-12-11 12:35:40'),
(644, 25, 20, '2022-12-11 12:35:40', '2022-12-11 12:35:40'),
(645, 25, 21, '2022-12-11 12:35:40', '2022-12-11 12:35:40'),
(646, 25, 22, '2022-12-11 12:35:40', '2022-12-11 12:35:40'),
(647, 25, 23, '2022-12-11 12:35:40', '2022-12-11 12:35:40'),
(648, 25, 24, '2022-12-11 12:35:40', '2022-12-11 12:35:40'),
(649, 25, 25, '2022-12-11 12:35:40', '2022-12-11 12:35:40'),
(650, 25, 26, '2022-12-11 12:35:40', '2022-12-11 12:35:40'),
(651, 26, 1, '2022-12-11 12:35:40', '2022-12-11 12:35:40'),
(652, 26, 2, '2022-12-11 12:35:40', '2022-12-11 12:35:40'),
(653, 26, 3, '2022-12-11 12:35:40', '2022-12-11 12:35:40'),
(654, 26, 4, '2022-12-11 12:35:40', '2022-12-11 12:35:40'),
(655, 26, 5, '2022-12-11 12:35:40', '2022-12-11 12:35:40'),
(656, 26, 6, '2022-12-11 12:35:40', '2022-12-11 12:35:40'),
(657, 26, 7, '2022-12-11 12:35:40', '2022-12-11 12:35:40'),
(658, 26, 8, '2022-12-11 12:35:40', '2022-12-11 12:35:40'),
(659, 26, 9, '2022-12-11 12:35:40', '2022-12-11 12:35:40'),
(660, 26, 10, '2022-12-11 12:35:40', '2022-12-11 12:35:40'),
(661, 26, 11, '2022-12-11 12:35:40', '2022-12-11 12:35:40'),
(662, 26, 12, '2022-12-11 12:35:40', '2022-12-11 12:35:40'),
(663, 26, 13, '2022-12-11 12:35:40', '2022-12-11 12:35:40'),
(664, 26, 14, '2022-12-11 12:35:40', '2022-12-11 12:35:40'),
(665, 26, 15, '2022-12-11 12:35:40', '2022-12-11 12:35:40'),
(666, 26, 16, '2022-12-11 12:35:40', '2022-12-11 12:35:40'),
(667, 26, 17, '2022-12-11 12:35:40', '2022-12-11 12:35:40'),
(668, 26, 18, '2022-12-11 12:35:40', '2022-12-11 12:35:40'),
(669, 26, 19, '2022-12-11 12:35:40', '2022-12-11 12:35:40'),
(670, 26, 20, '2022-12-11 12:35:40', '2022-12-11 12:35:40'),
(671, 26, 21, '2022-12-11 12:35:40', '2022-12-11 12:35:40'),
(672, 26, 22, '2022-12-11 12:35:40', '2022-12-11 12:35:40'),
(673, 26, 23, '2022-12-11 12:35:40', '2022-12-11 12:35:40'),
(674, 26, 24, '2022-12-11 12:35:40', '2022-12-11 12:35:40'),
(675, 26, 25, '2022-12-11 12:35:40', '2022-12-11 12:35:40'),
(676, 26, 26, '2022-12-11 12:35:40', '2022-12-11 12:35:40'),
(677, 27, 1, '2022-12-11 12:35:41', '2022-12-11 12:35:41'),
(678, 27, 2, '2022-12-11 12:35:41', '2022-12-11 12:35:41'),
(679, 27, 3, '2022-12-11 12:35:41', '2022-12-11 12:35:41'),
(680, 27, 4, '2022-12-11 12:35:41', '2022-12-11 12:35:41'),
(681, 27, 5, '2022-12-11 12:35:41', '2022-12-11 12:35:41'),
(682, 27, 6, '2022-12-11 12:35:41', '2022-12-11 12:35:41'),
(683, 27, 7, '2022-12-11 12:35:41', '2022-12-11 12:35:41'),
(684, 27, 8, '2022-12-11 12:35:41', '2022-12-11 12:35:41'),
(685, 27, 9, '2022-12-11 12:35:41', '2022-12-11 12:35:41'),
(686, 27, 10, '2022-12-11 12:35:41', '2022-12-11 12:35:41'),
(687, 27, 11, '2022-12-11 12:35:41', '2022-12-11 12:35:41'),
(688, 27, 12, '2022-12-11 12:35:41', '2022-12-11 12:35:41'),
(689, 27, 13, '2022-12-11 12:35:41', '2022-12-11 12:35:41'),
(690, 27, 14, '2022-12-11 12:35:41', '2022-12-11 12:35:41'),
(691, 27, 15, '2022-12-11 12:35:41', '2022-12-11 12:35:41'),
(692, 27, 16, '2022-12-11 12:35:41', '2022-12-11 12:35:41'),
(693, 27, 17, '2022-12-11 12:35:41', '2022-12-11 12:35:41'),
(694, 27, 18, '2022-12-11 12:35:41', '2022-12-11 12:35:41'),
(695, 27, 19, '2022-12-11 12:35:41', '2022-12-11 12:35:41'),
(696, 27, 20, '2022-12-11 12:35:41', '2022-12-11 12:35:41'),
(697, 27, 21, '2022-12-11 12:35:41', '2022-12-11 12:35:41'),
(698, 27, 22, '2022-12-11 12:35:41', '2022-12-11 12:35:41'),
(699, 27, 23, '2022-12-11 12:35:41', '2022-12-11 12:35:41'),
(700, 27, 24, '2022-12-11 12:35:41', '2022-12-11 12:35:41'),
(701, 27, 25, '2022-12-11 12:35:41', '2022-12-11 12:35:41'),
(702, 27, 26, '2022-12-11 12:35:41', '2022-12-11 12:35:41'),
(703, 28, 1, '2022-12-11 12:35:41', '2022-12-11 12:35:41'),
(704, 28, 2, '2022-12-11 12:35:41', '2022-12-11 12:35:41'),
(705, 28, 3, '2022-12-11 12:35:41', '2022-12-11 12:35:41'),
(706, 28, 4, '2022-12-11 12:35:41', '2022-12-11 12:35:41'),
(707, 28, 5, '2022-12-11 12:35:41', '2022-12-11 12:35:41'),
(708, 28, 6, '2022-12-11 12:35:41', '2022-12-11 12:35:41'),
(709, 28, 7, '2022-12-11 12:35:41', '2022-12-11 12:35:41'),
(710, 28, 8, '2022-12-11 12:35:41', '2022-12-11 12:35:41'),
(711, 28, 9, '2022-12-11 12:35:41', '2022-12-11 12:35:41'),
(712, 28, 10, '2022-12-11 12:35:41', '2022-12-11 12:35:41'),
(713, 28, 11, '2022-12-11 12:35:41', '2022-12-11 12:35:41'),
(714, 28, 12, '2022-12-11 12:35:41', '2022-12-11 12:35:41'),
(715, 28, 13, '2022-12-11 12:35:41', '2022-12-11 12:35:41'),
(716, 28, 14, '2022-12-11 12:35:41', '2022-12-11 12:35:41'),
(717, 28, 15, '2022-12-11 12:35:41', '2022-12-11 12:35:41'),
(718, 28, 16, '2022-12-11 12:35:41', '2022-12-11 12:35:41'),
(719, 28, 17, '2022-12-11 12:35:41', '2022-12-11 12:35:41'),
(720, 28, 18, '2022-12-11 12:35:41', '2022-12-11 12:35:41'),
(721, 28, 19, '2022-12-11 12:35:41', '2022-12-11 12:35:41'),
(722, 28, 20, '2022-12-11 12:35:41', '2022-12-11 12:35:41'),
(723, 28, 21, '2022-12-11 12:35:41', '2022-12-11 12:35:41'),
(724, 28, 22, '2022-12-11 12:35:41', '2022-12-11 12:35:41'),
(725, 28, 23, '2022-12-11 12:35:41', '2022-12-11 12:35:41'),
(726, 28, 24, '2022-12-11 12:35:41', '2022-12-11 12:35:41'),
(727, 28, 25, '2022-12-11 12:35:41', '2022-12-11 12:35:41'),
(728, 28, 26, '2022-12-11 12:35:41', '2022-12-11 12:35:41'),
(729, 29, 1, '2022-12-11 12:35:41', '2022-12-11 12:35:41'),
(730, 29, 2, '2022-12-11 12:35:41', '2022-12-11 12:35:41'),
(731, 29, 3, '2022-12-11 12:35:41', '2022-12-11 12:35:41'),
(732, 29, 4, '2022-12-11 12:35:41', '2022-12-11 12:35:41'),
(733, 29, 5, '2022-12-11 12:35:41', '2022-12-11 12:35:41'),
(734, 29, 6, '2022-12-11 12:35:41', '2022-12-11 12:35:41'),
(735, 29, 7, '2022-12-11 12:35:41', '2022-12-11 12:35:41'),
(736, 29, 8, '2022-12-11 12:35:41', '2022-12-11 12:35:41'),
(737, 29, 9, '2022-12-11 12:35:41', '2022-12-11 12:35:41'),
(738, 29, 10, '2022-12-11 12:35:41', '2022-12-11 12:35:41'),
(739, 29, 11, '2022-12-11 12:35:41', '2022-12-11 12:35:41'),
(740, 29, 12, '2022-12-11 12:35:41', '2022-12-11 12:35:41'),
(741, 29, 13, '2022-12-11 12:35:41', '2022-12-11 12:35:41'),
(742, 29, 14, '2022-12-11 12:35:41', '2022-12-11 12:35:41'),
(743, 29, 15, '2022-12-11 12:35:41', '2022-12-11 12:35:41'),
(744, 29, 16, '2022-12-11 12:35:41', '2022-12-11 12:35:41'),
(745, 29, 17, '2022-12-11 12:35:41', '2022-12-11 12:35:41'),
(746, 29, 18, '2022-12-11 12:35:41', '2022-12-11 12:35:41'),
(747, 29, 19, '2022-12-11 12:35:41', '2022-12-11 12:35:41'),
(748, 29, 20, '2022-12-11 12:35:41', '2022-12-11 12:35:41'),
(749, 29, 21, '2022-12-11 12:35:41', '2022-12-11 12:35:41'),
(750, 29, 22, '2022-12-11 12:35:41', '2022-12-11 12:35:41'),
(751, 29, 23, '2022-12-11 12:35:41', '2022-12-11 12:35:41'),
(752, 29, 24, '2022-12-11 12:35:41', '2022-12-11 12:35:41'),
(753, 29, 25, '2022-12-11 12:35:41', '2022-12-11 12:35:41'),
(754, 29, 26, '2022-12-11 12:35:41', '2022-12-11 12:35:41'),
(755, 30, 1, '2022-12-11 12:35:41', '2022-12-11 12:35:41'),
(756, 30, 2, '2022-12-11 12:35:41', '2022-12-11 12:35:41'),
(757, 30, 3, '2022-12-11 12:35:41', '2022-12-11 12:35:41'),
(758, 30, 4, '2022-12-11 12:35:41', '2022-12-11 12:35:41'),
(759, 30, 5, '2022-12-11 12:35:41', '2022-12-11 12:35:41'),
(760, 30, 6, '2022-12-11 12:35:41', '2022-12-11 12:35:41'),
(761, 30, 7, '2022-12-11 12:35:41', '2022-12-11 12:35:41'),
(762, 30, 8, '2022-12-11 12:35:41', '2022-12-11 12:35:41'),
(763, 30, 9, '2022-12-11 12:35:41', '2022-12-11 12:35:41'),
(764, 30, 10, '2022-12-11 12:35:41', '2022-12-11 12:35:41'),
(765, 30, 11, '2022-12-11 12:35:41', '2022-12-11 12:35:41'),
(766, 30, 12, '2022-12-11 12:35:41', '2022-12-11 12:35:41'),
(767, 30, 13, '2022-12-11 12:35:41', '2022-12-11 12:35:41'),
(768, 30, 14, '2022-12-11 12:35:41', '2022-12-11 12:35:41'),
(769, 30, 15, '2022-12-11 12:35:41', '2022-12-11 12:35:41'),
(770, 30, 16, '2022-12-11 12:35:41', '2022-12-11 12:35:41'),
(771, 30, 17, '2022-12-11 12:35:41', '2022-12-11 12:35:41'),
(772, 30, 18, '2022-12-11 12:35:41', '2022-12-11 12:35:41'),
(773, 30, 19, '2022-12-11 12:35:41', '2022-12-11 12:35:41'),
(774, 30, 20, '2022-12-11 12:35:41', '2022-12-11 12:35:41'),
(775, 30, 21, '2022-12-11 12:35:41', '2022-12-11 12:35:41'),
(776, 30, 22, '2022-12-11 12:35:41', '2022-12-11 12:35:41'),
(777, 30, 23, '2022-12-11 12:35:41', '2022-12-11 12:35:41'),
(778, 30, 24, '2022-12-11 12:35:41', '2022-12-11 12:35:41'),
(779, 30, 25, '2022-12-11 12:35:41', '2022-12-11 12:35:41'),
(780, 30, 26, '2022-12-11 12:35:41', '2022-12-11 12:35:41'),
(781, 31, 1, '2022-12-11 12:35:41', '2022-12-11 12:35:41'),
(782, 31, 2, '2022-12-11 12:35:41', '2022-12-11 12:35:41'),
(783, 31, 3, '2022-12-11 12:35:41', '2022-12-11 12:35:41'),
(784, 31, 4, '2022-12-11 12:35:41', '2022-12-11 12:35:41'),
(785, 31, 5, '2022-12-11 12:35:41', '2022-12-11 12:35:41'),
(786, 31, 6, '2022-12-11 12:35:41', '2022-12-11 12:35:41'),
(787, 31, 7, '2022-12-11 12:35:41', '2022-12-11 12:35:41'),
(788, 31, 8, '2022-12-11 12:35:41', '2022-12-11 12:35:41'),
(789, 31, 9, '2022-12-11 12:35:41', '2022-12-11 12:35:41'),
(790, 31, 10, '2022-12-11 12:35:41', '2022-12-11 12:35:41'),
(791, 31, 11, '2022-12-11 12:35:41', '2022-12-11 12:35:41'),
(792, 31, 12, '2022-12-11 12:35:41', '2022-12-11 12:35:41'),
(793, 31, 13, '2022-12-11 12:35:41', '2022-12-11 12:35:41'),
(794, 31, 14, '2022-12-11 12:35:41', '2022-12-11 12:35:41'),
(795, 31, 15, '2022-12-11 12:35:41', '2022-12-11 12:35:41'),
(796, 31, 16, '2022-12-11 12:35:41', '2022-12-11 12:35:41'),
(797, 31, 17, '2022-12-11 12:35:41', '2022-12-11 12:35:41'),
(798, 31, 18, '2022-12-11 12:35:41', '2022-12-11 12:35:41'),
(799, 31, 19, '2022-12-11 12:35:41', '2022-12-11 12:35:41'),
(800, 31, 20, '2022-12-11 12:35:41', '2022-12-11 12:35:41'),
(801, 31, 21, '2022-12-11 12:35:41', '2022-12-11 12:35:41'),
(802, 31, 22, '2022-12-11 12:35:41', '2022-12-11 12:35:41'),
(803, 31, 23, '2022-12-11 12:35:41', '2022-12-11 12:35:41'),
(804, 31, 24, '2022-12-11 12:35:41', '2022-12-11 12:35:41'),
(805, 31, 25, '2022-12-11 12:35:41', '2022-12-11 12:35:41'),
(806, 31, 26, '2022-12-11 12:35:41', '2022-12-11 12:35:41'),
(807, 32, 1, '2022-12-11 12:35:41', '2022-12-11 12:35:41'),
(808, 32, 2, '2022-12-11 12:35:41', '2022-12-11 12:35:41'),
(809, 32, 3, '2022-12-11 12:35:41', '2022-12-11 12:35:41'),
(810, 32, 4, '2022-12-11 12:35:41', '2022-12-11 12:35:41'),
(811, 32, 5, '2022-12-11 12:35:41', '2022-12-11 12:35:41'),
(812, 32, 6, '2022-12-11 12:35:41', '2022-12-11 12:35:41'),
(813, 32, 7, '2022-12-11 12:35:41', '2022-12-11 12:35:41'),
(814, 32, 8, '2022-12-11 12:35:41', '2022-12-11 12:35:41'),
(815, 32, 9, '2022-12-11 12:35:41', '2022-12-11 12:35:41'),
(816, 32, 10, '2022-12-11 12:35:41', '2022-12-11 12:35:41'),
(817, 32, 11, '2022-12-11 12:35:41', '2022-12-11 12:35:41'),
(818, 32, 12, '2022-12-11 12:35:41', '2022-12-11 12:35:41'),
(819, 32, 13, '2022-12-11 12:35:41', '2022-12-11 12:35:41'),
(820, 32, 14, '2022-12-11 12:35:41', '2022-12-11 12:35:41'),
(821, 32, 15, '2022-12-11 12:35:41', '2022-12-11 12:35:41'),
(822, 32, 16, '2022-12-11 12:35:41', '2022-12-11 12:35:41'),
(823, 32, 17, '2022-12-11 12:35:41', '2022-12-11 12:35:41'),
(824, 32, 18, '2022-12-11 12:35:41', '2022-12-11 12:35:41'),
(825, 32, 19, '2022-12-11 12:35:41', '2022-12-11 12:35:41'),
(826, 32, 20, '2022-12-11 12:35:41', '2022-12-11 12:35:41'),
(827, 32, 21, '2022-12-11 12:35:41', '2022-12-11 12:35:41'),
(828, 32, 22, '2022-12-11 12:35:41', '2022-12-11 12:35:41'),
(829, 32, 23, '2022-12-11 12:35:41', '2022-12-11 12:35:41'),
(830, 32, 24, '2022-12-11 12:35:41', '2022-12-11 12:35:41'),
(831, 32, 25, '2022-12-11 12:35:41', '2022-12-11 12:35:41'),
(832, 32, 26, '2022-12-11 12:35:41', '2022-12-11 12:35:41'),
(833, 33, 1, '2022-12-11 12:35:41', '2022-12-11 12:35:41'),
(834, 33, 2, '2022-12-11 12:35:41', '2022-12-11 12:35:41'),
(835, 33, 3, '2022-12-11 12:35:41', '2022-12-11 12:35:41'),
(836, 33, 4, '2022-12-11 12:35:41', '2022-12-11 12:35:41'),
(837, 33, 5, '2022-12-11 12:35:41', '2022-12-11 12:35:41'),
(838, 33, 6, '2022-12-11 12:35:41', '2022-12-11 12:35:41'),
(839, 33, 7, '2022-12-11 12:35:41', '2022-12-11 12:35:41'),
(840, 33, 8, '2022-12-11 12:35:41', '2022-12-11 12:35:41'),
(841, 33, 9, '2022-12-11 12:35:41', '2022-12-11 12:35:41'),
(842, 33, 10, '2022-12-11 12:35:41', '2022-12-11 12:35:41'),
(843, 33, 11, '2022-12-11 12:35:41', '2022-12-11 12:35:41'),
(844, 33, 12, '2022-12-11 12:35:41', '2022-12-11 12:35:41'),
(845, 33, 13, '2022-12-11 12:35:41', '2022-12-11 12:35:41'),
(846, 33, 14, '2022-12-11 12:35:41', '2022-12-11 12:35:41'),
(847, 33, 15, '2022-12-11 12:35:41', '2022-12-11 12:35:41'),
(848, 33, 16, '2022-12-11 12:35:41', '2022-12-11 12:35:41'),
(849, 33, 17, '2022-12-11 12:35:41', '2022-12-11 12:35:41'),
(850, 33, 18, '2022-12-11 12:35:41', '2022-12-11 12:35:41'),
(851, 33, 19, '2022-12-11 12:35:41', '2022-12-11 12:35:41'),
(852, 33, 20, '2022-12-11 12:35:41', '2022-12-11 12:35:41'),
(853, 33, 21, '2022-12-11 12:35:41', '2022-12-11 12:35:41'),
(854, 33, 22, '2022-12-11 12:35:41', '2022-12-11 12:35:41'),
(855, 33, 23, '2022-12-11 12:35:41', '2022-12-11 12:35:41'),
(856, 33, 24, '2022-12-11 12:35:41', '2022-12-11 12:35:41');
INSERT INTO `country_contents` (`id`, `country_id`, `content_id`, `created_at`, `updated_at`) VALUES
(857, 33, 25, '2022-12-11 12:35:41', '2022-12-11 12:35:41'),
(858, 33, 26, '2022-12-11 12:35:41', '2022-12-11 12:35:41'),
(859, 34, 1, '2022-12-11 12:35:41', '2022-12-11 12:35:41'),
(860, 34, 2, '2022-12-11 12:35:41', '2022-12-11 12:35:41'),
(861, 34, 3, '2022-12-11 12:35:41', '2022-12-11 12:35:41'),
(862, 34, 4, '2022-12-11 12:35:41', '2022-12-11 12:35:41'),
(863, 34, 5, '2022-12-11 12:35:41', '2022-12-11 12:35:41'),
(864, 34, 6, '2022-12-11 12:35:41', '2022-12-11 12:35:41'),
(865, 34, 7, '2022-12-11 12:35:41', '2022-12-11 12:35:41'),
(866, 34, 8, '2022-12-11 12:35:41', '2022-12-11 12:35:41'),
(867, 34, 9, '2022-12-11 12:35:41', '2022-12-11 12:35:41'),
(868, 34, 10, '2022-12-11 12:35:41', '2022-12-11 12:35:41'),
(869, 34, 11, '2022-12-11 12:35:41', '2022-12-11 12:35:41'),
(870, 34, 12, '2022-12-11 12:35:41', '2022-12-11 12:35:41'),
(871, 34, 13, '2022-12-11 12:35:41', '2022-12-11 12:35:41'),
(872, 34, 14, '2022-12-11 12:35:41', '2022-12-11 12:35:41'),
(873, 34, 15, '2022-12-11 12:35:41', '2022-12-11 12:35:41'),
(874, 34, 16, '2022-12-11 12:35:41', '2022-12-11 12:35:41'),
(875, 34, 17, '2022-12-11 12:35:41', '2022-12-11 12:35:41'),
(876, 34, 18, '2022-12-11 12:35:41', '2022-12-11 12:35:41'),
(877, 34, 19, '2022-12-11 12:35:41', '2022-12-11 12:35:41'),
(878, 34, 20, '2022-12-11 12:35:41', '2022-12-11 12:35:41'),
(879, 34, 21, '2022-12-11 12:35:41', '2022-12-11 12:35:41'),
(880, 34, 22, '2022-12-11 12:35:41', '2022-12-11 12:35:41'),
(881, 34, 23, '2022-12-11 12:35:41', '2022-12-11 12:35:41'),
(882, 34, 24, '2022-12-11 12:35:41', '2022-12-11 12:35:41'),
(883, 34, 25, '2022-12-11 12:35:41', '2022-12-11 12:35:41'),
(884, 34, 26, '2022-12-11 12:35:41', '2022-12-11 12:35:41'),
(885, 35, 1, '2022-12-11 12:35:41', '2022-12-11 12:35:41'),
(886, 35, 2, '2022-12-11 12:35:41', '2022-12-11 12:35:41'),
(887, 35, 3, '2022-12-11 12:35:41', '2022-12-11 12:35:41'),
(888, 35, 4, '2022-12-11 12:35:41', '2022-12-11 12:35:41'),
(889, 35, 5, '2022-12-11 12:35:41', '2022-12-11 12:35:41'),
(890, 35, 6, '2022-12-11 12:35:41', '2022-12-11 12:35:41'),
(891, 35, 7, '2022-12-11 12:35:41', '2022-12-11 12:35:41'),
(892, 35, 8, '2022-12-11 12:35:41', '2022-12-11 12:35:41'),
(893, 35, 9, '2022-12-11 12:35:41', '2022-12-11 12:35:41'),
(894, 35, 10, '2022-12-11 12:35:41', '2022-12-11 12:35:41'),
(895, 35, 11, '2022-12-11 12:35:41', '2022-12-11 12:35:41'),
(896, 35, 12, '2022-12-11 12:35:41', '2022-12-11 12:35:41'),
(897, 35, 13, '2022-12-11 12:35:41', '2022-12-11 12:35:41'),
(898, 35, 14, '2022-12-11 12:35:41', '2022-12-11 12:35:41'),
(899, 35, 15, '2022-12-11 12:35:41', '2022-12-11 12:35:41'),
(900, 35, 16, '2022-12-11 12:35:41', '2022-12-11 12:35:41'),
(901, 35, 17, '2022-12-11 12:35:41', '2022-12-11 12:35:41'),
(902, 35, 18, '2022-12-11 12:35:41', '2022-12-11 12:35:41'),
(903, 35, 19, '2022-12-11 12:35:41', '2022-12-11 12:35:41'),
(904, 35, 20, '2022-12-11 12:35:41', '2022-12-11 12:35:41'),
(905, 35, 21, '2022-12-11 12:35:41', '2022-12-11 12:35:41'),
(906, 35, 22, '2022-12-11 12:35:41', '2022-12-11 12:35:41'),
(907, 35, 23, '2022-12-11 12:35:41', '2022-12-11 12:35:41'),
(908, 35, 24, '2022-12-11 12:35:41', '2022-12-11 12:35:41'),
(909, 35, 25, '2022-12-11 12:35:41', '2022-12-11 12:35:41'),
(910, 35, 26, '2022-12-11 12:35:41', '2022-12-11 12:35:41'),
(911, 36, 1, '2022-12-11 12:35:41', '2022-12-11 12:35:41'),
(912, 36, 2, '2022-12-11 12:35:41', '2022-12-11 12:35:41'),
(913, 36, 3, '2022-12-11 12:35:41', '2022-12-11 12:35:41'),
(914, 36, 4, '2022-12-11 12:35:41', '2022-12-11 12:35:41'),
(915, 36, 5, '2022-12-11 12:35:41', '2022-12-11 12:35:41'),
(916, 36, 6, '2022-12-11 12:35:41', '2022-12-11 12:35:41'),
(917, 36, 7, '2022-12-11 12:35:41', '2022-12-11 12:35:41'),
(918, 36, 8, '2022-12-11 12:35:41', '2022-12-11 12:35:41'),
(919, 36, 9, '2022-12-11 12:35:41', '2022-12-11 12:35:41'),
(920, 36, 10, '2022-12-11 12:35:41', '2022-12-11 12:35:41'),
(921, 36, 11, '2022-12-11 12:35:41', '2022-12-11 12:35:41'),
(922, 36, 12, '2022-12-11 12:35:41', '2022-12-11 12:35:41'),
(923, 36, 13, '2022-12-11 12:35:41', '2022-12-11 12:35:41'),
(924, 36, 14, '2022-12-11 12:35:41', '2022-12-11 12:35:41'),
(925, 36, 15, '2022-12-11 12:35:41', '2022-12-11 12:35:41'),
(926, 36, 16, '2022-12-11 12:35:41', '2022-12-11 12:35:41'),
(927, 36, 17, '2022-12-11 12:35:41', '2022-12-11 12:35:41'),
(928, 36, 18, '2022-12-11 12:35:41', '2022-12-11 12:35:41'),
(929, 36, 19, '2022-12-11 12:35:41', '2022-12-11 12:35:41'),
(930, 36, 20, '2022-12-11 12:35:41', '2022-12-11 12:35:41'),
(931, 36, 21, '2022-12-11 12:35:41', '2022-12-11 12:35:41'),
(932, 36, 22, '2022-12-11 12:35:41', '2022-12-11 12:35:41'),
(933, 36, 23, '2022-12-11 12:35:41', '2022-12-11 12:35:41'),
(934, 36, 24, '2022-12-11 12:35:41', '2022-12-11 12:35:41'),
(935, 36, 25, '2022-12-11 12:35:41', '2022-12-11 12:35:41'),
(936, 36, 26, '2022-12-11 12:35:41', '2022-12-11 12:35:41'),
(937, 37, 1, '2022-12-11 12:35:41', '2022-12-11 12:35:41'),
(938, 37, 2, '2022-12-11 12:35:41', '2022-12-11 12:35:41'),
(939, 37, 3, '2022-12-11 12:35:41', '2022-12-11 12:35:41'),
(940, 37, 4, '2022-12-11 12:35:41', '2022-12-11 12:35:41'),
(941, 37, 5, '2022-12-11 12:35:41', '2022-12-11 12:35:41'),
(942, 37, 6, '2022-12-11 12:35:41', '2022-12-11 12:35:41'),
(943, 37, 7, '2022-12-11 12:35:41', '2022-12-11 12:35:41'),
(944, 37, 8, '2022-12-11 12:35:41', '2022-12-11 12:35:41'),
(945, 37, 9, '2022-12-11 12:35:41', '2022-12-11 12:35:41'),
(946, 37, 10, '2022-12-11 12:35:41', '2022-12-11 12:35:41'),
(947, 37, 11, '2022-12-11 12:35:41', '2022-12-11 12:35:41'),
(948, 37, 12, '2022-12-11 12:35:41', '2022-12-11 12:35:41'),
(949, 37, 13, '2022-12-11 12:35:41', '2022-12-11 12:35:41'),
(950, 37, 14, '2022-12-11 12:35:41', '2022-12-11 12:35:41'),
(951, 37, 15, '2022-12-11 12:35:41', '2022-12-11 12:35:41'),
(952, 37, 16, '2022-12-11 12:35:41', '2022-12-11 12:35:41'),
(953, 37, 17, '2022-12-11 12:35:41', '2022-12-11 12:35:41'),
(954, 37, 18, '2022-12-11 12:35:41', '2022-12-11 12:35:41'),
(955, 37, 19, '2022-12-11 12:35:41', '2022-12-11 12:35:41'),
(956, 37, 20, '2022-12-11 12:35:41', '2022-12-11 12:35:41'),
(957, 37, 21, '2022-12-11 12:35:41', '2022-12-11 12:35:41'),
(958, 37, 22, '2022-12-11 12:35:41', '2022-12-11 12:35:41'),
(959, 37, 23, '2022-12-11 12:35:41', '2022-12-11 12:35:41'),
(960, 37, 24, '2022-12-11 12:35:41', '2022-12-11 12:35:41'),
(961, 37, 25, '2022-12-11 12:35:41', '2022-12-11 12:35:41'),
(962, 37, 26, '2022-12-11 12:35:41', '2022-12-11 12:35:41'),
(963, 38, 1, '2022-12-11 12:35:41', '2022-12-11 12:35:41'),
(964, 38, 2, '2022-12-11 12:35:41', '2022-12-11 12:35:41'),
(965, 38, 3, '2022-12-11 12:35:41', '2022-12-11 12:35:41'),
(966, 38, 4, '2022-12-11 12:35:41', '2022-12-11 12:35:41'),
(967, 38, 5, '2022-12-11 12:35:41', '2022-12-11 12:35:41'),
(968, 38, 6, '2022-12-11 12:35:41', '2022-12-11 12:35:41'),
(969, 38, 7, '2022-12-11 12:35:41', '2022-12-11 12:35:41'),
(970, 38, 8, '2022-12-11 12:35:41', '2022-12-11 12:35:41'),
(971, 38, 9, '2022-12-11 12:35:41', '2022-12-11 12:35:41'),
(972, 38, 10, '2022-12-11 12:35:41', '2022-12-11 12:35:41'),
(973, 38, 11, '2022-12-11 12:35:41', '2022-12-11 12:35:41'),
(974, 38, 12, '2022-12-11 12:35:41', '2022-12-11 12:35:41'),
(975, 38, 13, '2022-12-11 12:35:41', '2022-12-11 12:35:41'),
(976, 38, 14, '2022-12-11 12:35:41', '2022-12-11 12:35:41'),
(977, 38, 15, '2022-12-11 12:35:41', '2022-12-11 12:35:41'),
(978, 38, 16, '2022-12-11 12:35:41', '2022-12-11 12:35:41'),
(979, 38, 17, '2022-12-11 12:35:41', '2022-12-11 12:35:41'),
(980, 38, 18, '2022-12-11 12:35:41', '2022-12-11 12:35:41'),
(981, 38, 19, '2022-12-11 12:35:41', '2022-12-11 12:35:41'),
(982, 38, 20, '2022-12-11 12:35:41', '2022-12-11 12:35:41'),
(983, 38, 21, '2022-12-11 12:35:41', '2022-12-11 12:35:41'),
(984, 38, 22, '2022-12-11 12:35:41', '2022-12-11 12:35:41'),
(985, 38, 23, '2022-12-11 12:35:41', '2022-12-11 12:35:41'),
(986, 38, 24, '2022-12-11 12:35:41', '2022-12-11 12:35:41'),
(987, 38, 25, '2022-12-11 12:35:41', '2022-12-11 12:35:41'),
(988, 38, 26, '2022-12-11 12:35:41', '2022-12-11 12:35:41'),
(989, 39, 1, '2022-12-11 12:35:41', '2022-12-11 12:35:41'),
(990, 39, 2, '2022-12-11 12:35:41', '2022-12-11 12:35:41'),
(991, 39, 3, '2022-12-11 12:35:41', '2022-12-11 12:35:41'),
(992, 39, 4, '2022-12-11 12:35:41', '2022-12-11 12:35:41'),
(993, 39, 5, '2022-12-11 12:35:41', '2022-12-11 12:35:41'),
(994, 39, 6, '2022-12-11 12:35:41', '2022-12-11 12:35:41'),
(995, 39, 7, '2022-12-11 12:35:41', '2022-12-11 12:35:41'),
(996, 39, 8, '2022-12-11 12:35:41', '2022-12-11 12:35:41'),
(997, 39, 9, '2022-12-11 12:35:41', '2022-12-11 12:35:41'),
(998, 39, 10, '2022-12-11 12:35:41', '2022-12-11 12:35:41'),
(999, 39, 11, '2022-12-11 12:35:41', '2022-12-11 12:35:41'),
(1000, 39, 12, '2022-12-11 12:35:41', '2022-12-11 12:35:41'),
(1001, 39, 13, '2022-12-11 12:35:41', '2022-12-11 12:35:41'),
(1002, 39, 14, '2022-12-11 12:35:41', '2022-12-11 12:35:41'),
(1003, 39, 15, '2022-12-11 12:35:41', '2022-12-11 12:35:41'),
(1004, 39, 16, '2022-12-11 12:35:41', '2022-12-11 12:35:41'),
(1005, 39, 17, '2022-12-11 12:35:41', '2022-12-11 12:35:41'),
(1006, 39, 18, '2022-12-11 12:35:41', '2022-12-11 12:35:41'),
(1007, 39, 19, '2022-12-11 12:35:41', '2022-12-11 12:35:41'),
(1008, 39, 20, '2022-12-11 12:35:41', '2022-12-11 12:35:41'),
(1009, 39, 21, '2022-12-11 12:35:41', '2022-12-11 12:35:41'),
(1010, 39, 22, '2022-12-11 12:35:41', '2022-12-11 12:35:41'),
(1011, 39, 23, '2022-12-11 12:35:41', '2022-12-11 12:35:41'),
(1012, 39, 24, '2022-12-11 12:35:41', '2022-12-11 12:35:41'),
(1013, 39, 25, '2022-12-11 12:35:41', '2022-12-11 12:35:41'),
(1014, 39, 26, '2022-12-11 12:35:41', '2022-12-11 12:35:41'),
(1015, 40, 1, '2022-12-11 12:35:41', '2022-12-11 12:35:41'),
(1016, 40, 2, '2022-12-11 12:35:41', '2022-12-11 12:35:41'),
(1017, 40, 3, '2022-12-11 12:35:41', '2022-12-11 12:35:41'),
(1018, 40, 4, '2022-12-11 12:35:41', '2022-12-11 12:35:41'),
(1019, 40, 5, '2022-12-11 12:35:41', '2022-12-11 12:35:41'),
(1020, 40, 6, '2022-12-11 12:35:41', '2022-12-11 12:35:41'),
(1021, 40, 7, '2022-12-11 12:35:41', '2022-12-11 12:35:41'),
(1022, 40, 8, '2022-12-11 12:35:41', '2022-12-11 12:35:41'),
(1023, 40, 9, '2022-12-11 12:35:41', '2022-12-11 12:35:41'),
(1024, 40, 10, '2022-12-11 12:35:41', '2022-12-11 12:35:41'),
(1025, 40, 11, '2022-12-11 12:35:41', '2022-12-11 12:35:41'),
(1026, 40, 12, '2022-12-11 12:35:41', '2022-12-11 12:35:41'),
(1027, 40, 13, '2022-12-11 12:35:41', '2022-12-11 12:35:41'),
(1028, 40, 14, '2022-12-11 12:35:41', '2022-12-11 12:35:41'),
(1029, 40, 15, '2022-12-11 12:35:41', '2022-12-11 12:35:41'),
(1030, 40, 16, '2022-12-11 12:35:41', '2022-12-11 12:35:41'),
(1031, 40, 17, '2022-12-11 12:35:41', '2022-12-11 12:35:41'),
(1032, 40, 18, '2022-12-11 12:35:41', '2022-12-11 12:35:41'),
(1033, 40, 19, '2022-12-11 12:35:41', '2022-12-11 12:35:41'),
(1034, 40, 20, '2022-12-11 12:35:41', '2022-12-11 12:35:41'),
(1035, 40, 21, '2022-12-11 12:35:41', '2022-12-11 12:35:41'),
(1036, 40, 22, '2022-12-11 12:35:41', '2022-12-11 12:35:41'),
(1037, 40, 23, '2022-12-11 12:35:41', '2022-12-11 12:35:41'),
(1038, 40, 24, '2022-12-11 12:35:41', '2022-12-11 12:35:41'),
(1039, 40, 25, '2022-12-11 12:35:41', '2022-12-11 12:35:41'),
(1040, 40, 26, '2022-12-11 12:35:41', '2022-12-11 12:35:41'),
(1041, 41, 1, '2022-12-11 12:35:41', '2022-12-11 12:35:41'),
(1042, 41, 2, '2022-12-11 12:35:41', '2022-12-11 12:35:41'),
(1043, 41, 3, '2022-12-11 12:35:41', '2022-12-11 12:35:41'),
(1044, 41, 4, '2022-12-11 12:35:41', '2022-12-11 12:35:41'),
(1045, 41, 5, '2022-12-11 12:35:41', '2022-12-11 12:35:41'),
(1046, 41, 6, '2022-12-11 12:35:41', '2022-12-11 12:35:41'),
(1047, 41, 7, '2022-12-11 12:35:41', '2022-12-11 12:35:41'),
(1048, 41, 8, '2022-12-11 12:35:42', '2022-12-11 12:35:42'),
(1049, 41, 9, '2022-12-11 12:35:42', '2022-12-11 12:35:42'),
(1050, 41, 10, '2022-12-11 12:35:42', '2022-12-11 12:35:42'),
(1051, 41, 11, '2022-12-11 12:35:42', '2022-12-11 12:35:42'),
(1052, 41, 12, '2022-12-11 12:35:42', '2022-12-11 12:35:42'),
(1053, 41, 13, '2022-12-11 12:35:42', '2022-12-11 12:35:42'),
(1054, 41, 14, '2022-12-11 12:35:42', '2022-12-11 12:35:42'),
(1055, 41, 15, '2022-12-11 12:35:42', '2022-12-11 12:35:42'),
(1056, 41, 16, '2022-12-11 12:35:42', '2022-12-11 12:35:42'),
(1057, 41, 17, '2022-12-11 12:35:42', '2022-12-11 12:35:42'),
(1058, 41, 18, '2022-12-11 12:35:42', '2022-12-11 12:35:42'),
(1059, 41, 19, '2022-12-11 12:35:42', '2022-12-11 12:35:42'),
(1060, 41, 20, '2022-12-11 12:35:42', '2022-12-11 12:35:42'),
(1061, 41, 21, '2022-12-11 12:35:42', '2022-12-11 12:35:42'),
(1062, 41, 22, '2022-12-11 12:35:42', '2022-12-11 12:35:42'),
(1063, 41, 23, '2022-12-11 12:35:42', '2022-12-11 12:35:42'),
(1064, 41, 24, '2022-12-11 12:35:42', '2022-12-11 12:35:42'),
(1065, 41, 25, '2022-12-11 12:35:42', '2022-12-11 12:35:42'),
(1066, 41, 26, '2022-12-11 12:35:42', '2022-12-11 12:35:42'),
(1067, 42, 1, '2022-12-11 12:35:42', '2022-12-11 12:35:42'),
(1068, 42, 2, '2022-12-11 12:35:42', '2022-12-11 12:35:42'),
(1069, 42, 3, '2022-12-11 12:35:42', '2022-12-11 12:35:42'),
(1070, 42, 4, '2022-12-11 12:35:42', '2022-12-11 12:35:42'),
(1071, 42, 5, '2022-12-11 12:35:42', '2022-12-11 12:35:42'),
(1072, 42, 6, '2022-12-11 12:35:42', '2022-12-11 12:35:42'),
(1073, 42, 7, '2022-12-11 12:35:42', '2022-12-11 12:35:42'),
(1074, 42, 8, '2022-12-11 12:35:42', '2022-12-11 12:35:42'),
(1075, 42, 9, '2022-12-11 12:35:42', '2022-12-11 12:35:42'),
(1076, 42, 10, '2022-12-11 12:35:42', '2022-12-11 12:35:42'),
(1077, 42, 11, '2022-12-11 12:35:42', '2022-12-11 12:35:42'),
(1078, 42, 12, '2022-12-11 12:35:42', '2022-12-11 12:35:42'),
(1079, 42, 13, '2022-12-11 12:35:42', '2022-12-11 12:35:42'),
(1080, 42, 14, '2022-12-11 12:35:42', '2022-12-11 12:35:42'),
(1081, 42, 15, '2022-12-11 12:35:42', '2022-12-11 12:35:42'),
(1082, 42, 16, '2022-12-11 12:35:42', '2022-12-11 12:35:42'),
(1083, 42, 17, '2022-12-11 12:35:42', '2022-12-11 12:35:42'),
(1084, 42, 18, '2022-12-11 12:35:42', '2022-12-11 12:35:42'),
(1085, 42, 19, '2022-12-11 12:35:42', '2022-12-11 12:35:42'),
(1086, 42, 20, '2022-12-11 12:35:42', '2022-12-11 12:35:42'),
(1087, 42, 21, '2022-12-11 12:35:42', '2022-12-11 12:35:42'),
(1088, 42, 22, '2022-12-11 12:35:42', '2022-12-11 12:35:42'),
(1089, 42, 23, '2022-12-11 12:35:42', '2022-12-11 12:35:42'),
(1090, 42, 24, '2022-12-11 12:35:42', '2022-12-11 12:35:42'),
(1091, 42, 25, '2022-12-11 12:35:42', '2022-12-11 12:35:42'),
(1092, 42, 26, '2022-12-11 12:35:42', '2022-12-11 12:35:42'),
(1093, 43, 1, '2022-12-11 12:35:42', '2022-12-11 12:35:42'),
(1094, 43, 2, '2022-12-11 12:35:42', '2022-12-11 12:35:42'),
(1095, 43, 3, '2022-12-11 12:35:42', '2022-12-11 12:35:42'),
(1096, 43, 4, '2022-12-11 12:35:42', '2022-12-11 12:35:42'),
(1097, 43, 5, '2022-12-11 12:35:42', '2022-12-11 12:35:42'),
(1098, 43, 6, '2022-12-11 12:35:42', '2022-12-11 12:35:42'),
(1099, 43, 7, '2022-12-11 12:35:42', '2022-12-11 12:35:42'),
(1100, 43, 8, '2022-12-11 12:35:42', '2022-12-11 12:35:42'),
(1101, 43, 9, '2022-12-11 12:35:42', '2022-12-11 12:35:42'),
(1102, 43, 10, '2022-12-11 12:35:42', '2022-12-11 12:35:42'),
(1103, 43, 11, '2022-12-11 12:35:42', '2022-12-11 12:35:42'),
(1104, 43, 12, '2022-12-11 12:35:42', '2022-12-11 12:35:42'),
(1105, 43, 13, '2022-12-11 12:35:42', '2022-12-11 12:35:42'),
(1106, 43, 14, '2022-12-11 12:35:42', '2022-12-11 12:35:42'),
(1107, 43, 15, '2022-12-11 12:35:42', '2022-12-11 12:35:42'),
(1108, 43, 16, '2022-12-11 12:35:42', '2022-12-11 12:35:42'),
(1109, 43, 17, '2022-12-11 12:35:42', '2022-12-11 12:35:42'),
(1110, 43, 18, '2022-12-11 12:35:42', '2022-12-11 12:35:42'),
(1111, 43, 19, '2022-12-11 12:35:42', '2022-12-11 12:35:42'),
(1112, 43, 20, '2022-12-11 12:35:42', '2022-12-11 12:35:42'),
(1113, 43, 21, '2022-12-11 12:35:42', '2022-12-11 12:35:42'),
(1114, 43, 22, '2022-12-11 12:35:42', '2022-12-11 12:35:42'),
(1115, 43, 23, '2022-12-11 12:35:42', '2022-12-11 12:35:42'),
(1116, 43, 24, '2022-12-11 12:35:42', '2022-12-11 12:35:42'),
(1117, 43, 25, '2022-12-11 12:35:42', '2022-12-11 12:35:42'),
(1118, 43, 26, '2022-12-11 12:35:42', '2022-12-11 12:35:42'),
(1119, 44, 1, '2022-12-11 12:35:42', '2022-12-11 12:35:42'),
(1120, 44, 2, '2022-12-11 12:35:42', '2022-12-11 12:35:42'),
(1121, 44, 3, '2022-12-11 12:35:42', '2022-12-11 12:35:42'),
(1122, 44, 4, '2022-12-11 12:35:42', '2022-12-11 12:35:42'),
(1123, 44, 5, '2022-12-11 12:35:42', '2022-12-11 12:35:42'),
(1124, 44, 6, '2022-12-11 12:35:42', '2022-12-11 12:35:42'),
(1125, 44, 7, '2022-12-11 12:35:42', '2022-12-11 12:35:42'),
(1126, 44, 8, '2022-12-11 12:35:42', '2022-12-11 12:35:42'),
(1127, 44, 9, '2022-12-11 12:35:42', '2022-12-11 12:35:42'),
(1128, 44, 10, '2022-12-11 12:35:42', '2022-12-11 12:35:42'),
(1129, 44, 11, '2022-12-11 12:35:42', '2022-12-11 12:35:42'),
(1130, 44, 12, '2022-12-11 12:35:42', '2022-12-11 12:35:42'),
(1131, 44, 13, '2022-12-11 12:35:42', '2022-12-11 12:35:42'),
(1132, 44, 14, '2022-12-11 12:35:42', '2022-12-11 12:35:42'),
(1133, 44, 15, '2022-12-11 12:35:42', '2022-12-11 12:35:42'),
(1134, 44, 16, '2022-12-11 12:35:42', '2022-12-11 12:35:42'),
(1135, 44, 17, '2022-12-11 12:35:42', '2022-12-11 12:35:42'),
(1136, 44, 18, '2022-12-11 12:35:42', '2022-12-11 12:35:42'),
(1137, 44, 19, '2022-12-11 12:35:42', '2022-12-11 12:35:42'),
(1138, 44, 20, '2022-12-11 12:35:42', '2022-12-11 12:35:42'),
(1139, 44, 21, '2022-12-11 12:35:42', '2022-12-11 12:35:42'),
(1140, 44, 22, '2022-12-11 12:35:42', '2022-12-11 12:35:42'),
(1141, 44, 23, '2022-12-11 12:35:42', '2022-12-11 12:35:42'),
(1142, 44, 24, '2022-12-11 12:35:42', '2022-12-11 12:35:42'),
(1143, 44, 25, '2022-12-11 12:35:42', '2022-12-11 12:35:42'),
(1144, 44, 26, '2022-12-11 12:35:42', '2022-12-11 12:35:42');

-- --------------------------------------------------------

--
-- Table structure for table `customers`
--

DROP TABLE IF EXISTS `customers`;
CREATE TABLE IF NOT EXISTS `customers` (
  `id` bigint UNSIGNED NOT NULL AUTO_INCREMENT,
  `name` varchar(125) COLLATE utf8mb4_unicode_ci NOT NULL,
  `country_id` int NOT NULL DEFAULT '1',
  `email` varchar(125) COLLATE utf8mb4_unicode_ci NOT NULL,
  `email_verified_at` timestamp NULL DEFAULT NULL,
  `password` varchar(125) COLLATE utf8mb4_unicode_ci NOT NULL,
  `isActive` tinyint(1) NOT NULL DEFAULT '1',
  `deleted_at` timestamp NULL DEFAULT NULL,
  `remember_token` varchar(100) COLLATE utf8mb4_unicode_ci DEFAULT NULL,
  `created_at` timestamp NULL DEFAULT NULL,
  `updated_at` timestamp NULL DEFAULT NULL,
  PRIMARY KEY (`id`),
  UNIQUE KEY `customers_email_unique` (`email`)
) ENGINE=MyISAM DEFAULT CHARSET=utf8mb4 COLLATE=utf8mb4_unicode_ci;

-- --------------------------------------------------------

--
-- Table structure for table `failed_jobs`
--

DROP TABLE IF EXISTS `failed_jobs`;
CREATE TABLE IF NOT EXISTS `failed_jobs` (
  `id` bigint UNSIGNED NOT NULL AUTO_INCREMENT,
  `uuid` varchar(125) COLLATE utf8mb4_unicode_ci NOT NULL,
  `connection` text COLLATE utf8mb4_unicode_ci NOT NULL,
  `queue` text COLLATE utf8mb4_unicode_ci NOT NULL,
  `payload` longtext COLLATE utf8mb4_unicode_ci NOT NULL,
  `exception` longtext COLLATE utf8mb4_unicode_ci NOT NULL,
  `failed_at` timestamp NOT NULL DEFAULT CURRENT_TIMESTAMP,
  PRIMARY KEY (`id`),
  UNIQUE KEY `failed_jobs_uuid_unique` (`uuid`)
) ENGINE=MyISAM DEFAULT CHARSET=utf8mb4 COLLATE=utf8mb4_unicode_ci;

-- --------------------------------------------------------

--
-- Table structure for table `inqueries`
--

DROP TABLE IF EXISTS `inqueries`;
CREATE TABLE IF NOT EXISTS `inqueries` (
  `id` bigint UNSIGNED NOT NULL AUTO_INCREMENT,
  `type` enum('Wanted','Auction','Stock') COLLATE utf8mb4_unicode_ci DEFAULT NULL,
  `vehicle_id` int NOT NULL,
  `name` varchar(125) COLLATE utf8mb4_unicode_ci NOT NULL,
  `country_id` int NOT NULL,
  `email` varchar(125) COLLATE utf8mb4_unicode_ci NOT NULL,
  `cell_no` varchar(125) COLLATE utf8mb4_unicode_ci NOT NULL,
  `port_name` varchar(125) COLLATE utf8mb4_unicode_ci NOT NULL,
  `mobile_no` varchar(125) COLLATE utf8mb4_unicode_ci NOT NULL,
  `message` text COLLATE utf8mb4_unicode_ci NOT NULL,
  `created_at` timestamp NULL DEFAULT NULL,
  `updated_at` timestamp NULL DEFAULT NULL,
  PRIMARY KEY (`id`)
) ENGINE=MyISAM DEFAULT CHARSET=utf8mb4 COLLATE=utf8mb4_unicode_ci;

-- --------------------------------------------------------

--
-- Table structure for table `migrations`
--

DROP TABLE IF EXISTS `migrations`;
CREATE TABLE IF NOT EXISTS `migrations` (
  `id` int UNSIGNED NOT NULL AUTO_INCREMENT,
  `migration` varchar(125) COLLATE utf8mb4_unicode_ci NOT NULL,
  `batch` int NOT NULL,
  PRIMARY KEY (`id`)
) ENGINE=MyISAM AUTO_INCREMENT=28 DEFAULT CHARSET=utf8mb4 COLLATE=utf8mb4_unicode_ci;

--
-- Dumping data for table `migrations`
--

INSERT INTO `migrations` (`id`, `migration`, `batch`) VALUES
(1, '2014_10_12_000000_create_users_table', 1),
(2, '2014_10_12_100000_create_password_resets_table', 1),
(3, '2019_08_19_000000_create_failed_jobs_table', 1),
(4, '2019_12_14_000001_create_personal_access_tokens_table', 1),
(5, '2022_09_21_173259_create_customers_table', 1),
(6, '2022_09_21_173324_create_staff_table', 1),
(7, '2022_11_14_153830_create_vehicles_table', 1),
(8, '2022_11_14_162241_create_vh_makers_table', 1),
(9, '2022_11_14_162317_create_vh_models_table', 1),
(10, '2022_11_14_162340_create_vh_make_models_table', 1),
(11, '2022_11_14_162404_create_vh_statuses_table', 1),
(12, '2022_11_14_162434_create_vh_body_types_table', 1),
(13, '2022_11_14_162454_create_vh_transmissions_table', 1),
(14, '2022_11_14_162515_create_vh_streeings_table', 1),
(15, '2022_11_14_162539_create_vh_door_types_table', 1),
(16, '2022_11_14_162605_create_vh_drive_types_table', 1),
(17, '2022_11_14_162629_create_vh_fuel_types_table', 1),
(18, '2022_11_14_162707_create_vh_exterior_colors_table', 1),
(19, '2022_11_14_162734_create_vh_images_table', 1),
(20, '2022_11_14_162755_create_vh_features_table', 1),
(21, '2022_11_17_042002_create_pages_table', 1),
(22, '2022_11_17_042104_create_countries_table', 1),
(23, '2022_11_17_042310_create_contents_table', 1),
(24, '2022_11_17_042555_create_country_contents_table', 1),
(25, '2022_11_17_155928_create_permission_tables', 1),
(26, '2022_11_29_152121_create_inqueries_table', 1),
(27, '2022_12_31_17_test', 1);

-- --------------------------------------------------------

--
-- Table structure for table `model_has_permissions`
--

DROP TABLE IF EXISTS `model_has_permissions`;
CREATE TABLE IF NOT EXISTS `model_has_permissions` (
  `permission_id` bigint UNSIGNED NOT NULL,
  `model_type` varchar(125) COLLATE utf8mb4_unicode_ci NOT NULL,
  `model_id` bigint UNSIGNED NOT NULL,
  PRIMARY KEY (`permission_id`,`model_id`,`model_type`),
  KEY `model_has_permissions_model_id_model_type_index` (`model_id`,`model_type`)
) ENGINE=MyISAM DEFAULT CHARSET=utf8mb4 COLLATE=utf8mb4_unicode_ci;

-- --------------------------------------------------------

--
-- Table structure for table `model_has_roles`
--

DROP TABLE IF EXISTS `model_has_roles`;
CREATE TABLE IF NOT EXISTS `model_has_roles` (
  `role_id` bigint UNSIGNED NOT NULL,
  `model_type` varchar(125) COLLATE utf8mb4_unicode_ci NOT NULL,
  `model_id` bigint UNSIGNED NOT NULL,
  PRIMARY KEY (`role_id`,`model_id`,`model_type`),
  KEY `model_has_roles_model_id_model_type_index` (`model_id`,`model_type`)
) ENGINE=MyISAM DEFAULT CHARSET=utf8mb4 COLLATE=utf8mb4_unicode_ci;

--
-- Dumping data for table `model_has_roles`
--

INSERT INTO `model_has_roles` (`role_id`, `model_type`, `model_id`) VALUES
(1, 'App\\Models\\Staff', 1);

-- --------------------------------------------------------

--
-- Table structure for table `pages`
--

DROP TABLE IF EXISTS `pages`;
CREATE TABLE IF NOT EXISTS `pages` (
  `id` bigint UNSIGNED NOT NULL AUTO_INCREMENT,
  `name` varchar(125) COLLATE utf8mb4_unicode_ci NOT NULL,
  `created_at` timestamp NULL DEFAULT NULL,
  `updated_at` timestamp NULL DEFAULT NULL,
  PRIMARY KEY (`id`),
  UNIQUE KEY `pages_name_unique` (`name`)
) ENGINE=MyISAM AUTO_INCREMENT=2 DEFAULT CHARSET=utf8mb4 COLLATE=utf8mb4_unicode_ci;

--
-- Dumping data for table `pages`
--

INSERT INTO `pages` (`id`, `name`, `created_at`, `updated_at`) VALUES
(1, 'Country', '2022-12-11 12:35:39', '2022-12-11 12:35:39');

-- --------------------------------------------------------

--
-- Table structure for table `password_resets`
--

DROP TABLE IF EXISTS `password_resets`;
CREATE TABLE IF NOT EXISTS `password_resets` (
  `email` varchar(125) COLLATE utf8mb4_unicode_ci NOT NULL,
  `token` varchar(125) COLLATE utf8mb4_unicode_ci NOT NULL,
  `created_at` timestamp NULL DEFAULT NULL,
  KEY `password_resets_email_index` (`email`)
) ENGINE=MyISAM DEFAULT CHARSET=utf8mb4 COLLATE=utf8mb4_unicode_ci;

-- --------------------------------------------------------

--
-- Table structure for table `permissions`
--

DROP TABLE IF EXISTS `permissions`;
CREATE TABLE IF NOT EXISTS `permissions` (
  `id` bigint UNSIGNED NOT NULL AUTO_INCREMENT,
  `name` varchar(125) COLLATE utf8mb4_unicode_ci NOT NULL,
  `guard_name` varchar(125) COLLATE utf8mb4_unicode_ci NOT NULL,
  `created_at` timestamp NULL DEFAULT NULL,
  `updated_at` timestamp NULL DEFAULT NULL,
  PRIMARY KEY (`id`),
  UNIQUE KEY `permissions_name_guard_name_unique` (`name`,`guard_name`)
) ENGINE=MyISAM DEFAULT CHARSET=utf8mb4 COLLATE=utf8mb4_unicode_ci;

-- --------------------------------------------------------

--
-- Table structure for table `personal_access_tokens`
--

DROP TABLE IF EXISTS `personal_access_tokens`;
CREATE TABLE IF NOT EXISTS `personal_access_tokens` (
  `id` bigint UNSIGNED NOT NULL AUTO_INCREMENT,
  `tokenable_type` varchar(125) COLLATE utf8mb4_unicode_ci NOT NULL,
  `tokenable_id` bigint UNSIGNED NOT NULL,
  `name` varchar(125) COLLATE utf8mb4_unicode_ci NOT NULL,
  `token` varchar(64) COLLATE utf8mb4_unicode_ci NOT NULL,
  `abilities` text COLLATE utf8mb4_unicode_ci,
  `last_used_at` timestamp NULL DEFAULT NULL,
  `created_at` timestamp NULL DEFAULT NULL,
  `updated_at` timestamp NULL DEFAULT NULL,
  PRIMARY KEY (`id`),
  UNIQUE KEY `personal_access_tokens_token_unique` (`token`),
  KEY `personal_access_tokens_tokenable_type_tokenable_id_index` (`tokenable_type`,`tokenable_id`)
) ENGINE=MyISAM AUTO_INCREMENT=14 DEFAULT CHARSET=utf8mb4 COLLATE=utf8mb4_unicode_ci;

--
-- Dumping data for table `personal_access_tokens`
--

INSERT INTO `personal_access_tokens` (`id`, `tokenable_type`, `tokenable_id`, `name`, `token`, `abilities`, `last_used_at`, `created_at`, `updated_at`) VALUES
(1, 'App\\Models\\Staff', 2, 'token', 'b1c0802e62e765c7bce444c7e755759e498b64ee412a15006f5eca018fd402b5', '[\"jwt-staff\"]', NULL, '2022-12-11 12:38:53', '2022-12-11 12:38:53'),
(2, 'App\\Models\\Staff', 1, 'token', 'b3ef9df90af645e5aa11ce6083c8472c35624c965917066a1dbf1c05a83dfe28', '[\"jwt-staff\"]', '2022-12-11 13:08:49', '2022-12-11 13:08:48', '2022-12-11 13:08:49'),
(3, 'App\\Models\\Staff', 1, 'token', 'a4904102ff0ba60a03da36ba8c939ffb4faaec18f1d905c915159ba16b76b7ff', '[\"jwt-staff\"]', '2022-12-11 13:46:52', '2022-12-11 13:35:51', '2022-12-11 13:46:52'),
(4, 'App\\Models\\Staff', 1, 'token', '700ada8c54542f72afd227eeee3996ae323dfc66ec89e347f1bf90a9c1e974bb', '[\"jwt-staff\"]', '2022-12-11 14:41:20', '2022-12-11 13:52:05', '2022-12-11 14:41:20'),
(5, 'App\\Models\\Staff', 1, 'token', '81bf7174971c5433c11271c4b8c8ab2a0b88b7c71d4c664a0a57ae26a6558512', '[\"jwt-staff\"]', '2022-12-11 14:44:54', '2022-12-11 14:42:25', '2022-12-11 14:44:54'),
(6, 'App\\Models\\Staff', 1, 'token', '2f3d0e9ca35306e7a6b0155169f266b9986f97aedd3d105e4e4e0b5432002c30', '[\"jwt-staff\"]', '2022-12-11 15:00:59', '2022-12-11 14:45:25', '2022-12-11 15:00:59'),
(7, 'App\\Models\\Staff', 2, 'token', '5d2c6e4656e146f02815b1ba8066f911912ecae5c02b6b7854332d5f9a32a43c', '[\"jwt-staff\"]', '2022-12-12 10:51:47', '2022-12-11 14:53:36', '2022-12-12 10:51:47'),
(8, 'App\\Models\\Staff', 1, 'token', '5bee5b0213eda2c1b20315890f88c822c15e5d026dcdf2128dd1ff6b86077d2e', '[\"jwt-staff\"]', '2022-12-11 15:21:37', '2022-12-11 15:03:23', '2022-12-11 15:21:37'),
(9, 'App\\Models\\Staff', 1, 'token', 'e421bd467332f35a26c1770f07557259980ee2a53f82cba6731be5c3b9ac304b', '[\"jwt-staff\"]', '2022-12-11 15:24:21', '2022-12-11 15:22:58', '2022-12-11 15:24:21'),
(10, 'App\\Models\\Staff', 1, 'token', 'e326d88df3b2588b870a26d0a0ce235ba2e6515de63ed9185a16c5efc21f563e', '[\"jwt-staff\"]', '2022-12-12 11:52:20', '2022-12-11 15:29:49', '2022-12-12 11:52:20'),
(11, 'App\\Models\\Staff', 2, 'token', '6b4b40b6369421f8512e190307cb354de2a5749ef75a220a5ec58a158ee6b7c9', '[\"jwt-staff\"]', '2022-12-12 11:00:46', '2022-12-12 10:57:29', '2022-12-12 11:00:46'),
(12, 'App\\Models\\Staff', 2, 'token', 'e7895d6738a73544b31eb2f6b951ad2e4c17908817a37154c37156e7593aacce', '[\"jwt-staff\"]', '2022-12-12 11:15:30', '2022-12-12 10:57:40', '2022-12-12 11:15:30'),
(13, 'App\\Models\\Staff', 1, 'token', '6450c3597e6d1c79e587b6051ff1fe8b8e92bcd0a2da0becc031ddd6890f68c9', '[\"jwt-staff\"]', '2022-12-12 11:52:12', '2022-12-12 11:27:03', '2022-12-12 11:52:12');

-- --------------------------------------------------------

--
-- Table structure for table `roles`
--

DROP TABLE IF EXISTS `roles`;
CREATE TABLE IF NOT EXISTS `roles` (
  `id` bigint UNSIGNED NOT NULL AUTO_INCREMENT,
  `name` varchar(125) COLLATE utf8mb4_unicode_ci NOT NULL,
  `guard_name` varchar(125) COLLATE utf8mb4_unicode_ci NOT NULL,
  `created_at` timestamp NULL DEFAULT NULL,
  `updated_at` timestamp NULL DEFAULT NULL,
  PRIMARY KEY (`id`),
  UNIQUE KEY `roles_name_guard_name_unique` (`name`,`guard_name`)
) ENGINE=MyISAM AUTO_INCREMENT=6 DEFAULT CHARSET=utf8mb4 COLLATE=utf8mb4_unicode_ci;

--
-- Dumping data for table `roles`
--

INSERT INTO `roles` (`id`, `name`, `guard_name`, `created_at`, `updated_at`) VALUES
(1, 'Admin', 'jwt-staff', '2022-12-11 12:35:42', '2022-12-11 12:35:42'),
(2, 'Dev', 'jwt-staff', '2022-12-11 12:35:42', '2022-12-11 12:35:42'),
(3, 'Sales', 'jwt-staff', '2022-12-11 12:35:42', '2022-12-11 12:35:42'),
(4, 'Finance', 'jwt-staff', '2022-12-11 12:35:42', '2022-12-11 12:35:42'),
(5, 'Editor', 'jwt-staff', '2022-12-11 12:35:42', '2022-12-11 12:35:42');

-- --------------------------------------------------------

--
-- Table structure for table `role_has_permissions`
--

DROP TABLE IF EXISTS `role_has_permissions`;
CREATE TABLE IF NOT EXISTS `role_has_permissions` (
  `permission_id` bigint UNSIGNED NOT NULL,
  `role_id` bigint UNSIGNED NOT NULL,
  PRIMARY KEY (`permission_id`,`role_id`),
  KEY `role_has_permissions_role_id_foreign` (`role_id`)
) ENGINE=MyISAM DEFAULT CHARSET=utf8mb4 COLLATE=utf8mb4_unicode_ci;

-- --------------------------------------------------------

--
-- Table structure for table `staff`
--

DROP TABLE IF EXISTS `staff`;
CREATE TABLE IF NOT EXISTS `staff` (
  `id` bigint UNSIGNED NOT NULL AUTO_INCREMENT,
  `name` varchar(125) COLLATE utf8mb4_unicode_ci NOT NULL,
  `email` varchar(125) COLLATE utf8mb4_unicode_ci NOT NULL,
  `email_verified_at` timestamp NULL DEFAULT NULL,
  `password` varchar(125) COLLATE utf8mb4_unicode_ci NOT NULL,
  `deleted_at` timestamp NULL DEFAULT NULL,
  `remember_token` varchar(100) COLLATE utf8mb4_unicode_ci DEFAULT NULL,
  `created_at` timestamp NULL DEFAULT NULL,
  `updated_at` timestamp NULL DEFAULT NULL,
  PRIMARY KEY (`id`),
  UNIQUE KEY `staff_email_unique` (`email`)
) ENGINE=MyISAM AUTO_INCREMENT=3 DEFAULT CHARSET=utf8mb4 COLLATE=utf8mb4_unicode_ci;

--
-- Dumping data for table `staff`
--

INSERT INTO `staff` (`id`, `name`, `email`, `email_verified_at`, `password`, `deleted_at`, `remember_token`, `created_at`, `updated_at`) VALUES
(1, 'Admin', 'admin@gmail.com', NULL, '$2y$10$Q2clmNrmjoBJ1seGo9pYBeQ8OQcAQFxi/8wjCKe383BlhUKsDaYHy', NULL, NULL, '2022-12-11 12:35:42', '2022-12-11 12:35:42'),
(2, 'Admin', 'admina@gmail.com', NULL, '$2y$10$5O1ha6wP3SuEd/IWaQgCZeQ3hUkHQdo2A0GSQYZJPFsSTPcUvYwzy', NULL, NULL, '2022-12-11 12:38:40', '2022-12-11 12:38:40');

-- --------------------------------------------------------

--
-- Table structure for table `users`
--

DROP TABLE IF EXISTS `users`;
CREATE TABLE IF NOT EXISTS `users` (
  `id` bigint UNSIGNED NOT NULL AUTO_INCREMENT,
  `name` varchar(125) COLLATE utf8mb4_unicode_ci NOT NULL,
  `email` varchar(125) COLLATE utf8mb4_unicode_ci NOT NULL,
  `email_verified_at` timestamp NULL DEFAULT NULL,
  `password` varchar(125) COLLATE utf8mb4_unicode_ci NOT NULL,
  `remember_token` varchar(100) COLLATE utf8mb4_unicode_ci DEFAULT NULL,
  `deleted_at` timestamp NULL DEFAULT NULL,
  `created_at` timestamp NULL DEFAULT NULL,
  `updated_at` timestamp NULL DEFAULT NULL,
  PRIMARY KEY (`id`),
  UNIQUE KEY `users_email_unique` (`email`)
) ENGINE=MyISAM DEFAULT CHARSET=utf8mb4 COLLATE=utf8mb4_unicode_ci;

-- --------------------------------------------------------

--
-- Table structure for table `vehicles`
--

DROP TABLE IF EXISTS `vehicles`;
CREATE TABLE IF NOT EXISTS `vehicles` (
  `id` bigint UNSIGNED NOT NULL AUTO_INCREMENT,
  `make_id` int NOT NULL,
  `model_id` int NOT NULL,
  `status_id` int NOT NULL,
  `body_type_id` int NOT NULL,
  `transmission_id` int NOT NULL,
  `streeing_id` int NOT NULL,
  `door_type_id` int NOT NULL,
  `driver_type_id` int NOT NULL,
  `fuel_type_id` int NOT NULL,
  `exterior_color_id` int NOT NULL,
  `feature_id` int NOT NULL,
  `make_at` date NOT NULL,
  `fob_price` double NOT NULL,
  `chassis_no` varchar(125) COLLATE utf8mb4_unicode_ci NOT NULL,
  `displacement` varchar(125) COLLATE utf8mb4_unicode_ci NOT NULL,
  `grade` varchar(125) COLLATE utf8mb4_unicode_ci NOT NULL,
  `cover_image_full_url` varchar(125) COLLATE utf8mb4_unicode_ci DEFAULT NULL,
  `cover_image_file` varchar(125) COLLATE utf8mb4_unicode_ci DEFAULT NULL,
  `description` text COLLATE utf8mb4_unicode_ci NOT NULL,
  `private_note` text COLLATE utf8mb4_unicode_ci NOT NULL,
  `sup_name` varchar(125) COLLATE utf8mb4_unicode_ci NOT NULL,
  `sup_url` varchar(125) COLLATE utf8mb4_unicode_ci NOT NULL,
  `sup_price` double NOT NULL,
  `market_price` double NOT NULL,
  `isUsed` tinyint(1) NOT NULL DEFAULT '1',
  `mileage` double NOT NULL,
  `deleted_at` timestamp NULL DEFAULT NULL,
  `created_at` timestamp NULL DEFAULT NULL,
  `updated_at` timestamp NULL DEFAULT NULL,
  PRIMARY KEY (`id`)
) ENGINE=MyISAM AUTO_INCREMENT=4 DEFAULT CHARSET=utf8mb4 COLLATE=utf8mb4_unicode_ci;

--
-- Dumping data for table `vehicles`
--

INSERT INTO `vehicles` (`id`, `make_id`, `model_id`, `status_id`, `body_type_id`, `transmission_id`, `streeing_id`, `door_type_id`, `driver_type_id`, `fuel_type_id`, `exterior_color_id`, `feature_id`, `make_at`, `fob_price`, `chassis_no`, `displacement`, `grade`, `cover_image_full_url`, `cover_image_file`, `description`, `private_note`, `sup_name`, `sup_url`, `sup_price`, `market_price`, `isUsed`, `mileage`, `deleted_at`, `created_at`, `updated_at`) VALUES
(1, 1, 1, 3, 1, 1, 1, 1, 1, 3, 1, 3, '1986-05-01', 62, 'Asperiores ea ut qui', 'Sapiente pariatur Q', 'Proident quaerat re', '/vehicle/images/1/cover_images/989324305.png', '989324305.png', 'Aute enim tempor tot', 'Eum cupidatat exerci', 'Itaque expedita quia', 'Voluptates error ea', 9, 61, 0, 48, NULL, '2022-12-11 13:40:25', '2022-12-11 13:40:25'),
(2, 2, 6, 5, 4, 1, 1, 5, 3, 1, 3, 3, '2009-02-01', 65, 'Amet corporis maior', 'Quia consequatur Ma', 'Nobis ut quaerat nem', '/vehicle/images/2/cover_images/1986154302.png', '1986154302.png', 'Accusamus qui unde v', 'Anim ea amet sit ex', 'Pariatur Voluptates', 'Numquam laborum aute', 54, 14, 0, 84, NULL, '2022-12-12 11:42:35', '2022-12-12 11:42:35'),
(3, 2, 7, 1, 3, 1, 4, 5, 2, 3, 2, 1, '1996-01-01', 97, 'Aliqua Necessitatib', 'Dolore similique lib', 'Impedit ab et digni', '/vehicle/images/3/cover_images/89967734.png', '89967734.png', 'Aut aliquid voluptat', 'Pariatur Consequatu', 'Voluptate earum comm', 'Qui maiores ut alias', 63, 86, 0, 43, NULL, '2022-12-12 11:44:29', '2022-12-12 11:44:30');

-- --------------------------------------------------------

--
-- Table structure for table `vh_body_types`
--

DROP TABLE IF EXISTS `vh_body_types`;
CREATE TABLE IF NOT EXISTS `vh_body_types` (
  `id` bigint UNSIGNED NOT NULL AUTO_INCREMENT,
  `name` varchar(125) COLLATE utf8mb4_unicode_ci NOT NULL,
  `created_at` timestamp NULL DEFAULT NULL,
  `updated_at` timestamp NULL DEFAULT NULL,
  PRIMARY KEY (`id`),
  UNIQUE KEY `vh_body_types_name_unique` (`name`)
) ENGINE=MyISAM AUTO_INCREMENT=6 DEFAULT CHARSET=utf8mb4 COLLATE=utf8mb4_unicode_ci;

--
-- Dumping data for table `vh_body_types`
--

INSERT INTO `vh_body_types` (`id`, `name`, `created_at`, `updated_at`) VALUES
(1, '4WD', '2022-12-11 12:35:39', '2022-12-11 12:35:39'),
(2, 'Buses', '2022-12-11 12:35:39', '2022-12-11 12:35:39'),
(3, 'Brand New Cars', '2022-12-11 12:35:39', '2022-12-11 12:35:39'),
(4, 'Coupe', '2022-12-11 12:35:39', '2022-12-11 12:35:39'),
(5, 'Duel Cab', '2022-12-11 12:35:39', '2022-12-11 12:35:39');

-- --------------------------------------------------------

--
-- Table structure for table `vh_door_types`
--

DROP TABLE IF EXISTS `vh_door_types`;
CREATE TABLE IF NOT EXISTS `vh_door_types` (
  `id` bigint UNSIGNED NOT NULL AUTO_INCREMENT,
  `name` varchar(125) COLLATE utf8mb4_unicode_ci NOT NULL,
  `created_at` timestamp NULL DEFAULT NULL,
  `updated_at` timestamp NULL DEFAULT NULL,
  PRIMARY KEY (`id`),
  UNIQUE KEY `vh_door_types_name_unique` (`name`)
) ENGINE=MyISAM AUTO_INCREMENT=7 DEFAULT CHARSET=utf8mb4 COLLATE=utf8mb4_unicode_ci;

--
-- Dumping data for table `vh_door_types`
--

INSERT INTO `vh_door_types` (`id`, `name`, `created_at`, `updated_at`) VALUES
(1, '1 Door', '2022-12-11 12:35:39', '2022-12-11 12:35:39'),
(2, '2 Door', '2022-12-11 12:35:39', '2022-12-11 12:35:39'),
(3, '3 Door', '2022-12-11 12:35:39', '2022-12-11 12:35:39'),
(4, '4 Door', '2022-12-11 12:35:39', '2022-12-11 12:35:39'),
(5, '5 Door', '2022-12-11 12:35:39', '2022-12-11 12:35:39'),
(6, 'Conversional Door', '2022-12-11 12:35:39', '2022-12-11 12:35:39');

-- --------------------------------------------------------

--
-- Table structure for table `vh_drive_types`
--

DROP TABLE IF EXISTS `vh_drive_types`;
CREATE TABLE IF NOT EXISTS `vh_drive_types` (
  `id` bigint UNSIGNED NOT NULL AUTO_INCREMENT,
  `name` varchar(125) COLLATE utf8mb4_unicode_ci NOT NULL,
  `created_at` timestamp NULL DEFAULT NULL,
  `updated_at` timestamp NULL DEFAULT NULL,
  PRIMARY KEY (`id`),
  UNIQUE KEY `vh_drive_types_name_unique` (`name`)
) ENGINE=MyISAM AUTO_INCREMENT=4 DEFAULT CHARSET=utf8mb4 COLLATE=utf8mb4_unicode_ci;

--
-- Dumping data for table `vh_drive_types`
--

INSERT INTO `vh_drive_types` (`id`, `name`, `created_at`, `updated_at`) VALUES
(1, '2WD', '2022-12-11 12:35:39', '2022-12-11 12:35:39'),
(2, '4WD', '2022-12-11 12:35:39', '2022-12-11 12:35:39'),
(3, 'Both', '2022-12-11 12:35:39', '2022-12-11 12:35:39');

-- --------------------------------------------------------

--
-- Table structure for table `vh_exterior_colors`
--

DROP TABLE IF EXISTS `vh_exterior_colors`;
CREATE TABLE IF NOT EXISTS `vh_exterior_colors` (
  `id` bigint UNSIGNED NOT NULL AUTO_INCREMENT,
  `name` varchar(125) COLLATE utf8mb4_unicode_ci NOT NULL,
  `created_at` timestamp NULL DEFAULT NULL,
  `updated_at` timestamp NULL DEFAULT NULL,
  PRIMARY KEY (`id`),
  UNIQUE KEY `vh_exterior_colors_name_unique` (`name`)
) ENGINE=MyISAM AUTO_INCREMENT=5 DEFAULT CHARSET=utf8mb4 COLLATE=utf8mb4_unicode_ci;

--
-- Dumping data for table `vh_exterior_colors`
--

INSERT INTO `vh_exterior_colors` (`id`, `name`, `created_at`, `updated_at`) VALUES
(1, 'Al pin white', '2022-12-11 12:35:39', '2022-12-11 12:35:39'),
(2, 'Any', '2022-12-11 12:35:39', '2022-12-11 12:35:39'),
(3, 'Alabaster white', '2022-12-11 12:35:39', '2022-12-11 12:35:39'),
(4, 'Alabaster Silder', '2022-12-11 12:35:39', '2022-12-11 12:35:39');

-- --------------------------------------------------------

--
-- Table structure for table `vh_features`
--

DROP TABLE IF EXISTS `vh_features`;
CREATE TABLE IF NOT EXISTS `vh_features` (
  `id` bigint UNSIGNED NOT NULL AUTO_INCREMENT,
  `name` varchar(125) COLLATE utf8mb4_unicode_ci NOT NULL,
  `created_at` timestamp NULL DEFAULT NULL,
  `updated_at` timestamp NULL DEFAULT NULL,
  PRIMARY KEY (`id`),
  UNIQUE KEY `vh_features_name_unique` (`name`)
) ENGINE=MyISAM AUTO_INCREMENT=6 DEFAULT CHARSET=utf8mb4 COLLATE=utf8mb4_unicode_ci;

--
-- Dumping data for table `vh_features`
--

INSERT INTO `vh_features` (`id`, `name`, `created_at`, `updated_at`) VALUES
(1, 'A/C front', '2022-12-11 12:35:39', '2022-12-11 12:35:39'),
(2, 'A/C rear', '2022-12-11 12:35:39', '2022-12-11 12:35:39'),
(3, 'Alarm', '2022-12-11 12:35:39', '2022-12-11 12:35:39'),
(4, 'Alloy wheel', '2022-12-11 12:35:39', '2022-12-11 12:35:39'),
(5, 'Radio', '2022-12-11 12:35:39', '2022-12-11 12:35:39');

-- --------------------------------------------------------

--
-- Table structure for table `vh_fuel_types`
--

DROP TABLE IF EXISTS `vh_fuel_types`;
CREATE TABLE IF NOT EXISTS `vh_fuel_types` (
  `id` bigint UNSIGNED NOT NULL AUTO_INCREMENT,
  `name` varchar(125) COLLATE utf8mb4_unicode_ci NOT NULL,
  `created_at` timestamp NULL DEFAULT NULL,
  `updated_at` timestamp NULL DEFAULT NULL,
  PRIMARY KEY (`id`),
  UNIQUE KEY `vh_fuel_types_name_unique` (`name`)
) ENGINE=MyISAM AUTO_INCREMENT=6 DEFAULT CHARSET=utf8mb4 COLLATE=utf8mb4_unicode_ci;

--
-- Dumping data for table `vh_fuel_types`
--

INSERT INTO `vh_fuel_types` (`id`, `name`, `created_at`, `updated_at`) VALUES
(1, 'ASK', '2022-12-11 12:35:39', '2022-12-11 12:35:39'),
(2, 'Bio Diesel', '2022-12-11 12:35:39', '2022-12-11 12:35:39'),
(3, 'Electic', '2022-12-11 12:35:39', '2022-12-11 12:35:39'),
(4, 'Gas', '2022-12-11 12:35:39', '2022-12-11 12:35:39'),
(5, 'Gasoline', '2022-12-11 12:35:39', '2022-12-11 12:35:39');

-- --------------------------------------------------------

--
-- Table structure for table `vh_images`
--

DROP TABLE IF EXISTS `vh_images`;
CREATE TABLE IF NOT EXISTS `vh_images` (
  `id` bigint UNSIGNED NOT NULL AUTO_INCREMENT,
  `vehicle_id` int NOT NULL,
  `full_url` varchar(125) COLLATE utf8mb4_unicode_ci NOT NULL,
  `file` varchar(125) COLLATE utf8mb4_unicode_ci NOT NULL,
  `created_at` timestamp NULL DEFAULT NULL,
  `updated_at` timestamp NULL DEFAULT NULL,
  PRIMARY KEY (`id`)
) ENGINE=MyISAM AUTO_INCREMENT=21 DEFAULT CHARSET=utf8mb4 COLLATE=utf8mb4_unicode_ci;

--
-- Dumping data for table `vh_images`
--

INSERT INTO `vh_images` (`id`, `vehicle_id`, `full_url`, `file`, `created_at`, `updated_at`) VALUES
(1, 1, '/vehicle/images/1/1586758503.png', '1586758503.png', '2022-12-11 13:40:25', '2022-12-11 13:40:25'),
(2, 1, '/vehicle/images/1/495339397.png', '495339397.png', '2022-12-11 13:40:25', '2022-12-11 13:40:25'),
(3, 1, '/vehicle/images/1/939136465.png', '939136465.png', '2022-12-11 13:40:25', '2022-12-11 13:40:25'),
(4, 1, '/vehicle/images/1/1950402864.png', '1950402864.png', '2022-12-11 13:40:25', '2022-12-11 13:40:25'),
(5, 1, '/vehicle/images/1/2030937214.png', '2030937214.png', '2022-12-11 13:40:25', '2022-12-11 13:40:25'),
(6, 1, '/vehicle/images/1/170481477.png', '170481477.png', '2022-12-11 13:40:25', '2022-12-11 13:40:25'),
(7, 2, '/vehicle/images/2/1070077691.png', '1070077691.png', '2022-12-12 11:42:35', '2022-12-12 11:42:35'),
(8, 2, '/vehicle/images/2/95695166.png', '95695166.png', '2022-12-12 11:42:35', '2022-12-12 11:42:35'),
(9, 2, '/vehicle/images/2/1538219029.png', '1538219029.png', '2022-12-12 11:42:35', '2022-12-12 11:42:35'),
(10, 2, '/vehicle/images/2/25025265.png', '25025265.png', '2022-12-12 11:42:35', '2022-12-12 11:42:35'),
(11, 2, '/vehicle/images/2/1551429589.png', '1551429589.png', '2022-12-12 11:42:35', '2022-12-12 11:42:35'),
(12, 2, '/vehicle/images/2/620418666.png', '620418666.png', '2022-12-12 11:42:35', '2022-12-12 11:42:35'),
(13, 2, '/vehicle/images/2/46864755.png', '46864755.png', '2022-12-12 11:42:35', '2022-12-12 11:42:35'),
(14, 3, '/vehicle/images/3/1082309514.png', '1082309514.png', '2022-12-12 11:44:29', '2022-12-12 11:44:29'),
(15, 3, '/vehicle/images/3/1060822296.png', '1060822296.png', '2022-12-12 11:44:29', '2022-12-12 11:44:29'),
(16, 3, '/vehicle/images/3/2113596312.png', '2113596312.png', '2022-12-12 11:44:29', '2022-12-12 11:44:29'),
(17, 3, '/vehicle/images/3/1297571235.png', '1297571235.png', '2022-12-12 11:44:29', '2022-12-12 11:44:29'),
(18, 3, '/vehicle/images/3/172673740.png', '172673740.png', '2022-12-12 11:44:29', '2022-12-12 11:44:29'),
(19, 3, '/vehicle/images/3/1317696096.png', '1317696096.png', '2022-12-12 11:44:29', '2022-12-12 11:44:29'),
(20, 3, '/vehicle/images/3/1773538036.png', '1773538036.png', '2022-12-12 11:44:30', '2022-12-12 11:44:30');

-- --------------------------------------------------------

--
-- Table structure for table `vh_makers`
--

DROP TABLE IF EXISTS `vh_makers`;
CREATE TABLE IF NOT EXISTS `vh_makers` (
  `id` bigint UNSIGNED NOT NULL AUTO_INCREMENT,
  `name` varchar(125) COLLATE utf8mb4_unicode_ci NOT NULL,
  `created_at` timestamp NULL DEFAULT NULL,
  `updated_at` timestamp NULL DEFAULT NULL,
  PRIMARY KEY (`id`),
  UNIQUE KEY `vh_makers_name_unique` (`name`)
) ENGINE=MyISAM AUTO_INCREMENT=6 DEFAULT CHARSET=utf8mb4 COLLATE=utf8mb4_unicode_ci;

--
-- Dumping data for table `vh_makers`
--

INSERT INTO `vh_makers` (`id`, `name`, `created_at`, `updated_at`) VALUES
(1, 'Toyota', '2022-12-11 12:35:39', '2022-12-11 12:35:39'),
(2, 'Audi', '2022-12-11 12:35:39', '2022-12-11 12:35:39'),
(3, 'Suzuki', '2022-12-11 12:35:39', '2022-12-11 12:35:39'),
(4, 'Nissan', '2022-12-11 12:35:39', '2022-12-11 12:35:39'),
(5, 'Yamaha', '2022-12-11 12:35:39', '2022-12-11 12:35:39');

-- --------------------------------------------------------

--
-- Table structure for table `vh_make_models`
--

DROP TABLE IF EXISTS `vh_make_models`;
CREATE TABLE IF NOT EXISTS `vh_make_models` (
  `id` bigint UNSIGNED NOT NULL AUTO_INCREMENT,
  `make_id` int NOT NULL,
  `model_id` int NOT NULL,
  `created_at` timestamp NULL DEFAULT NULL,
  `updated_at` timestamp NULL DEFAULT NULL,
  PRIMARY KEY (`id`)
) ENGINE=MyISAM AUTO_INCREMENT=13 DEFAULT CHARSET=utf8mb4 COLLATE=utf8mb4_unicode_ci;

--
-- Dumping data for table `vh_make_models`
--

INSERT INTO `vh_make_models` (`id`, `make_id`, `model_id`, `created_at`, `updated_at`) VALUES
(1, 1, 1, '2022-12-11 12:35:39', '2022-12-11 12:35:39'),
(2, 1, 2, '2022-12-11 12:35:39', '2022-12-11 12:35:39'),
(3, 1, 3, '2022-12-11 12:35:39', '2022-12-11 12:35:39'),
(4, 1, 4, '2022-12-11 12:35:39', '2022-12-11 12:35:39'),
(5, 1, 5, '2022-12-11 12:35:39', '2022-12-11 12:35:39'),
(6, 2, 6, '2022-12-11 12:35:39', '2022-12-11 12:35:39'),
(7, 2, 7, '2022-12-11 12:35:39', '2022-12-11 12:35:39'),
(8, 3, 8, '2022-12-11 12:35:39', '2022-12-11 12:35:39'),
(9, 3, 9, '2022-12-11 12:35:39', '2022-12-11 12:35:39'),
(10, 3, 10, '2022-12-11 12:35:39', '2022-12-11 12:35:39'),
(11, 3, 11, '2022-12-11 12:35:39', '2022-12-11 12:35:39'),
(12, 3, 12, '2022-12-11 12:35:39', '2022-12-11 12:35:39');

-- --------------------------------------------------------

--
-- Table structure for table `vh_models`
--

DROP TABLE IF EXISTS `vh_models`;
CREATE TABLE IF NOT EXISTS `vh_models` (
  `id` bigint UNSIGNED NOT NULL AUTO_INCREMENT,
  `name` varchar(125) COLLATE utf8mb4_unicode_ci NOT NULL,
  `created_at` timestamp NULL DEFAULT NULL,
  `updated_at` timestamp NULL DEFAULT NULL,
  PRIMARY KEY (`id`),
  UNIQUE KEY `vh_models_name_unique` (`name`)
) ENGINE=MyISAM AUTO_INCREMENT=13 DEFAULT CHARSET=utf8mb4 COLLATE=utf8mb4_unicode_ci;

--
-- Dumping data for table `vh_models`
--

INSERT INTO `vh_models` (`id`, `name`, `created_at`, `updated_at`) VALUES
(1, 'AQUA', '2022-12-11 12:35:39', '2022-12-11 12:35:39'),
(2, 'AQUA G', '2022-12-11 12:35:39', '2022-12-11 12:35:39'),
(3, 'AQUA AAD', '2022-12-11 12:35:39', '2022-12-11 12:35:39'),
(4, 'AQUA Hybrid', '2022-12-11 12:35:39', '2022-12-11 12:35:39'),
(5, 'AQUA L', '2022-12-11 12:35:39', '2022-12-11 12:35:39'),
(6, 'A3', '2022-12-11 12:35:39', '2022-12-11 12:35:39'),
(7, 'A6', '2022-12-11 12:35:39', '2022-12-11 12:35:39'),
(8, 'Altra', '2022-12-11 12:35:39', '2022-12-11 12:35:39'),
(9, 'Every', '2022-12-11 12:35:39', '2022-12-11 12:35:39'),
(10, 'Carry Truck', '2022-12-11 12:35:39', '2022-12-11 12:35:39'),
(11, 'Solio', '2022-12-11 12:35:39', '2022-12-11 12:35:39'),
(12, 'Key', '2022-12-11 12:35:39', '2022-12-11 12:35:39');

-- --------------------------------------------------------

--
-- Table structure for table `vh_statuses`
--

DROP TABLE IF EXISTS `vh_statuses`;
CREATE TABLE IF NOT EXISTS `vh_statuses` (
  `id` bigint UNSIGNED NOT NULL AUTO_INCREMENT,
  `name` varchar(125) COLLATE utf8mb4_unicode_ci NOT NULL,
  `created_at` timestamp NULL DEFAULT NULL,
  `updated_at` timestamp NULL DEFAULT NULL,
  PRIMARY KEY (`id`),
  UNIQUE KEY `vh_statuses_name_unique` (`name`)
) ENGINE=MyISAM AUTO_INCREMENT=6 DEFAULT CHARSET=utf8mb4 COLLATE=utf8mb4_unicode_ci;

--
-- Dumping data for table `vh_statuses`
--

INSERT INTO `vh_statuses` (`id`, `name`, `created_at`, `updated_at`) VALUES
(1, 'Status1', '2022-12-11 12:35:39', '2022-12-11 12:35:39'),
(2, 'Status2', '2022-12-11 12:35:39', '2022-12-11 12:35:39'),
(3, 'Status3', '2022-12-11 12:35:39', '2022-12-11 12:35:39'),
(4, 'Status4', '2022-12-11 12:35:39', '2022-12-11 12:35:39'),
(5, 'Status5', '2022-12-11 12:35:39', '2022-12-11 12:35:39');

-- --------------------------------------------------------

--
-- Table structure for table `vh_streeings`
--

DROP TABLE IF EXISTS `vh_streeings`;
CREATE TABLE IF NOT EXISTS `vh_streeings` (
  `id` bigint UNSIGNED NOT NULL AUTO_INCREMENT,
  `name` varchar(125) COLLATE utf8mb4_unicode_ci NOT NULL,
  `created_at` timestamp NULL DEFAULT NULL,
  `updated_at` timestamp NULL DEFAULT NULL,
  PRIMARY KEY (`id`),
  UNIQUE KEY `vh_streeings_name_unique` (`name`)
) ENGINE=MyISAM AUTO_INCREMENT=5 DEFAULT CHARSET=utf8mb4 COLLATE=utf8mb4_unicode_ci;

--
-- Dumping data for table `vh_streeings`
--

INSERT INTO `vh_streeings` (`id`, `name`, `created_at`, `updated_at`) VALUES
(1, 'Left', '2022-12-11 12:35:39', '2022-12-11 12:35:39'),
(2, 'Right', '2022-12-11 12:35:39', '2022-12-11 12:35:39'),
(3, 'Center', '2022-12-11 12:35:39', '2022-12-11 12:35:39'),
(4, 'Unspecified', '2022-12-11 12:35:39', '2022-12-11 12:35:39');

-- --------------------------------------------------------

--
-- Table structure for table `vh_transmissions`
--

DROP TABLE IF EXISTS `vh_transmissions`;
CREATE TABLE IF NOT EXISTS `vh_transmissions` (
  `id` bigint UNSIGNED NOT NULL AUTO_INCREMENT,
  `name` varchar(125) COLLATE utf8mb4_unicode_ci NOT NULL,
  `created_at` timestamp NULL DEFAULT NULL,
  `updated_at` timestamp NULL DEFAULT NULL,
  PRIMARY KEY (`id`),
  UNIQUE KEY `vh_transmissions_name_unique` (`name`)
) ENGINE=MyISAM AUTO_INCREMENT=2 DEFAULT CHARSET=utf8mb4 COLLATE=utf8mb4_unicode_ci;

--
-- Dumping data for table `vh_transmissions`
--

INSERT INTO `vh_transmissions` (`id`, `name`, `created_at`, `updated_at`) VALUES
(1, 'transmission', '2022-12-11 12:35:39', '2022-12-11 12:35:39');
COMMIT;

/*!40101 SET CHARACTER_SET_CLIENT=@OLD_CHARACTER_SET_CLIENT */;
/*!40101 SET CHARACTER_SET_RESULTS=@OLD_CHARACTER_SET_RESULTS */;
/*!40101 SET COLLATION_CONNECTION=@OLD_COLLATION_CONNECTION */;
